output_prefix	name	total_tfbs	change	pvalue	qvalue	status
Arnt_MA0004.1	Arnt	3081	0.00093	0.00382313	0.00404545	higher in first
PAX6_MA0069.1	PAX6	2354	0.07948	7.878269999999999e-58	1.65867e-57	higher in first
RORA_MA0071.1	RORA	4971	-0.04886	2.13161e-59	4.62152e-59	higher in second
RXRAVDR_MA0074.1	RXRA::VDR	3030	-0.00246	0.0015111	0.00161068	higher in second
REL_MA0101.1	REL	4838	0.02807	1.24101e-30	1.75637e-30	higher in first
RELA_MA0107.1	RELA	5851	0.00505	0.000139347	0.000149942	higher in first
Spz1_MA0111.1	Spz1	6746	0.01644	1.0784500000000001e-24	1.4365200000000001e-24	higher in first
NR1H2RXRA_MA0115.1	NR1H2::RXRA	4769	-0.02628	8.20823e-30	1.1489300000000001e-29	higher in second
NFICTLX1_MA0119.1	NFIC::TLX1	6575	-0.10281	1.5311699999999999e-90	6.78376e-90	higher in second
ZNF354C_MA0130.1	ZNF354C	9196	-0.02418	1.5493700000000002e-40	2.48632e-40	higher in second
Pou5f1Sox2_MA0142.1	Pou5f1::Sox2	7627	0.02106	2.80703e-32	4.04577e-32	higher in first
EWSR1-FLI1_MA0149.1	EWSR1-FLI1	22246	-0.06821	5.74992e-100	3.08377e-99	higher in second
Arid3a_MA0151.1	Arid3a	18450	0.05352	1.5972399999999998e-86	6.40781e-86	higher in first
INSM1_MA0155.1	INSM1	10396	0.06678	3.49148e-87	1.42313e-86	higher in first
RARARXRA_MA0159.1	RARA::RXRA	6372	-0.00567	1.82452e-09	2.11271e-09	higher in second
PLAG1_MA0163.1	PLAG1	14898	0.1252	9.13192e-118	7.26986e-117	higher in first
Tfcp2l1_MA0145.2	Tfcp2l1	7688	0.03006	1.10631e-44	1.86644e-44	higher in first
DUX4_MA0468.1	DUX4	4470	-0.03296	7.21968e-39	1.11468e-38	higher in second
Sox6_MA0515.1	Sox6	7646	-0.02569	1.64845e-38	2.53742e-38	higher in second
ESR2_MA0258.2	ESR2	7688	-0.0145	2.58001e-19	3.29866e-19	higher in second
SREBF1_MA0595.1	SREBF1	7831	-0.00824	7.55971e-10	8.76376e-10	higher in second
SREBF2_MA0596.1	SREBF2	6113	-0.03606	8.18879e-50	1.50349e-49	higher in second
KLF5_MA0599.1	KLF5	22848	0.12916	4.72458e-131	5.2904900000000004e-130	higher in first
Atf1_MA0604.1	Atf1	906	-0.12516	2.10988e-57	4.36099e-57	higher in second
Creb3l2_MA0608.1	Creb3l2	1597	-0.0077	0.0493245	0.051183	not significant
FOXG1_MA0613.1	FOXG1	5950	0.00512	2.13047e-05	2.3623e-05	higher in first
Foxj2_MA0614.1	Foxj2	3592	0.01374	1.76607e-10	2.05437e-10	higher in first
BHLHE41_MA0636.1	BHLHE41	1231	-0.10486	1.28293e-57	2.6789e-57	higher in second
ELF4_MA0641.1	ELF4	4501	-0.10201	3.7959e-89	1.6459699999999998e-88	higher in second
FOXI1_MA0042.2	FOXI1	6240	0.05537	8.504769999999999e-64	2.0586600000000001e-63	higher in first
FOXL1_MA0033.2	FOXL1	3065	0.04807	1.7609e-46	3.031e-46	higher in first
HNF1B_MA0153.2	HNF1B	3207	0.02526	2.35487e-24	3.1204300000000003e-24	higher in first
HSF1_MA0486.2	HSF1	3814	-0.0464	3.1367399999999997e-49	5.6874299999999996e-49	higher in second
IRF9_MA0653.1	IRF9	6292	0.07166	1.73466e-77	5.5238e-77	higher in first
JDP2_MA0655.1	JDP2	4002	-0.43488	1.39861e-140	2.33637e-139	higher in second
MEF2B_MA0660.1	MEF2B	7120	0.04251	3.3606799999999996e-58	7.11961e-58	higher in first
MLX_MA0663.1	MLX	1399	-0.09426	4.72019e-56	9.46826e-56	higher in second
MSC_MA0665.1	MSC	6245	0.04765	8.27226e-59	1.77462e-58	higher in first
MYF6_MA0667.1	MYF6	3606	0.03944	2.7098899999999996e-39	4.2094199999999994e-39	higher in first
NEUROG2_MA0669.1	NEUROG2	2989	-0.07336	1.91444e-63	4.6009700000000005e-63	higher in second
Nr2e1_MA0676.1	Nr2e1	6041	-0.02235	2.0219699999999998e-31	2.8736199999999997e-31	higher in second
OLIG2_MA0678.1	OLIG2	1895	-0.08149	1.13676e-52	2.16111e-52	higher in second
PAX4_MA0068.2	PAX4	936	0.00674	0.046816	0.0486791	higher in first
Rxra_MA0512.2	Rxra	5180	-0.05137	1.89131e-54	3.71338e-54	higher in second
SRF_MA0083.3	SRF	2038	-0.07411	8.77741e-58	1.84416e-57	higher in second
TBXT_MA0009.2	TBXT	2199	0.00246	0.191422	0.194864	not significant
TBX20_MA0689.1	TBX20	5502	0.06242	2.91482e-68	7.6159e-68	higher in first
TFAP4_MA0691.1	TFAP4	4834	-0.01204	3.72003e-13	4.46492e-13	higher in second
ZIC1_MA0696.1	ZIC1	7394	0.19988	4.5265e-131	5.125e-130	higher in first
PHOX2A_MA0713.1	PHOX2A	3947	0.02977	5.9557000000000005e-40	9.453050000000001e-40	higher in first
PROP1_MA0715.1	PROP1	4614	0.03101	1.23553e-36	1.85147e-36	higher in first
VENTX_MA0724.1	VENTX	1819	-0.00619	0.00553662	0.00584644	higher in second
Nr2F6_MA0728.1	Nr2F6	8698	-0.01807	2.5725e-30	3.63072e-30	higher in second
RARA_MA0729.1	RARA	7289	-0.04124	1.51311e-57	3.14666e-57	higher in second
RARA_MA0730.1	RARA	5352	-0.03364	4.45362e-45	7.55115e-45	higher in second
BCL6B_MA0731.1	BCL6B	4821	-0.02884	2.03489e-35	3.01388e-35	higher in second
EGR2_MA0472.2	EGR2	3947	0.25682	8.527769999999999e-123	7.55635e-122	higher in first
GLIS2_MA0736.1	GLIS2	5482	0.24311	3.5468300000000004e-126	3.47522e-125	higher in first
GLIS3_MA0737.1	GLIS3	4422	0.10501	1.15948e-89	5.07086e-89	higher in first
KLF16_MA0741.1	KLF16	15537	0.19568	3.37118e-137	4.83836e-136	higher in first
E2F7_MA0758.1	E2F7	3069	0.02602	1.7511100000000002e-26	2.376e-26	higher in first
HSF2_MA0770.1	HSF2	4432	-0.03542	7.84268e-38	1.19457e-37	higher in second
HSF4_MA0771.1	HSF4	3705	-0.04253	2.63526e-47	4.67828e-47	higher in second
MEF2D_MA0773.1	MEF2D	8574	0.0444	5.57015e-64	1.36442e-63	higher in first
MEIS2_MA0774.1	MEIS2	4958	0.03841	2.02713e-49	3.70187e-49	higher in first
MYBL1_MA0776.1	MYBL1	725	-0.0047	0.920301	0.922111	not significant
MYBL2_MA0777.1	MYBL2	704	0.04399	2.1573900000000001e-19	2.7617800000000002e-19	higher in first
NFKB1_MA0105.4	NFKB1	5422	0.12949	1.46799e-99	7.83185e-99	higher in first
PAX3_MA0780.1	PAX3	1503	0.02806	4.26888e-15	5.22207e-15	higher in first
PKNOX2_MA0783.1	PKNOX2	5613	0.03759	1.37273e-47	2.44547e-47	higher in first
POU3F2_MA0787.1	POU3F2	6246	0.10254	8.623e-89	3.6764999999999996e-88	higher in first
POU3F3_MA0788.1	POU3F3	6832	0.08498	4.72738e-85	1.83164e-84	higher in first
POU3F4_MA0789.1	POU3F4	4739	0.13797	3.12156e-100	1.701e-99	higher in first
POU5F1B_MA0792.1	POU5F1B	4940	0.15805	1.9223599999999998e-105	1.13889e-104	higher in first
PROX1_MA0794.1	PROX1	2000	-0.01104	7.48052e-07	8.37654e-07	higher in second
SMAD3_MA0795.1	SMAD3	1393	-0.00034	0.841418	0.845567	not significant
TGIF1_MA0796.1	TGIF1	5036	0.04876	1.98497e-56	3.9973900000000004e-56	higher in first
TGIF2_MA0797.1	TGIF2	4865	0.04092	2.60899e-51	4.88706e-51	higher in first
RUNX2_MA0511.2	RUNX2	3723	0.04004	1.42909e-44	2.4070200000000003e-44	higher in first
MGA_MA0801.1	MGA	7693	0.0563	1.14293e-68	3.00943e-68	higher in first
TBX15_MA0803.1	TBX15	7932	0.10149	2.7829099999999998e-98	1.44683e-97	higher in first
TBX1_MA0805.1	TBX1	5494	0.09998	1.7071099999999998e-87	7.0143e-87	higher in first
TBX4_MA0806.1	TBX4	5448	0.11086	1.2837799999999999e-95	6.31969e-95	higher in first
TBX5_MA0807.1	TBX5	7125	0.15113	3.88227e-104	2.23504e-103	higher in first
TEAD3_MA0808.1	TEAD3	4554	-0.07265	1.39832e-72	4.02511e-72	higher in second
TFAP2B_MA0813.1	TFAP2B	6305	0.15903	2.1884700000000003e-106	1.31956e-105	higher in first
TFAP2C_MA0815.1	TFAP2C	5774	0.1678	2.95031e-115	2.2105600000000002e-114	higher in first
Ascl2_MA0816.1	Ascl2	8355	0.05773	2.4741800000000002e-74	7.43715e-74	higher in first
HES7_MA0822.1	HES7	2587	0.03054	1.1845899999999999e-25	1.59458e-25	higher in first
HEY1_MA0823.1	HEY1	2122	0.06823	4.76936e-54	9.2925e-54	higher in first
OLIG1_MA0826.1	OLIG1	1762	-0.05731	1.0762900000000001e-44	1.8188100000000002e-44	higher in second
OLIG3_MA0827.1	OLIG3	2251	-0.05389	1.6565800000000002e-44	2.7855700000000003e-44	higher in second
CEBPG_MA0838.1	CEBPG	2251	-0.89566	1.78317e-161	4.54264e-159	higher in second
FOXB1_MA0845.1	FOXB1	7481	0.04634	1.29448e-63	3.12577e-63	higher in first
FOXC1_MA0032.2	FOXC1	8333	0.04493	1.81901e-63	4.3819600000000004e-63	higher in first
FOXO4_MA0848.1	FOXO4	3065	0.04807	1.7609e-46	3.031e-46	higher in first
FOXO6_MA0849.1	FOXO6	3065	0.04807	1.7609e-46	3.031e-46	higher in first
FOXP3_MA0850.1	FOXP3	3065	0.04807	1.7609e-46	3.031e-46	higher in first
RXRB_MA0855.1	RXRB	5312	-0.03878	1.29396e-48	2.32138e-48	higher in second
RXRG_MA0856.1	RXRG	5110	-0.03966	6.1465e-49	1.10855e-48	higher in second
Rarb_MA0857.1	Rarb	8045	-0.0483	5.93304e-60	1.28908e-59	higher in second
Rarb_MA0858.1	Rarb	4792	-0.04737	1.97537e-52	3.74145e-52	higher in second
Rarg_MA0860.1	Rarg	7311	-0.03603	1.51232e-57	3.14666e-57	higher in second
TP63_MA0525.2	TP63	2360	-0.06475	2.27841e-54	4.46481e-54	higher in second
TP53_MA0106.3	TP53	2556	-0.02299	2.54252e-15	3.1328e-15	higher in second
GMEB2_MA0862.1	GMEB2	365	-0.22546	1.14775e-67	2.9609000000000002e-67	higher in second
MTF1_MA0863.1	MTF1	3068	0.06215	2.6991800000000003e-54	5.27921e-54	higher in first
E2F1_MA0024.3	E2F1	795	0.21441	5.31328e-75	1.6113800000000001e-74	higher in first
SOX21_MA0866.1	SOX21	4343	-0.02575	4.5794800000000005e-32	6.58179e-32	higher in second
Sox1_MA0870.1	Sox1	3452	-0.06008	3.0146000000000003e-63	7.21098e-63	higher in second
TFAP2A_MA0872.1	TFAP2A	6134	0.17875	1.25542e-117	9.91683e-117	higher in first
ZNF24_MA1124.1	ZNF24	6395	-0.01462	6.33165e-22	8.293e-22	higher in second
ZSCAN4_MA1155.1	ZSCAN4	7540	0.03457	1.14567e-54	2.26686e-54	higher in first
FOSBJUN_MA1127.1	FOSB::JUN	1921	-0.17848	1.02134e-93	4.97962e-93	higher in second
FOSL1JUN_MA1129.1	FOSL1::JUN	1163	-0.20687	1.4695199999999999e-81	5.18147e-81	higher in second
FOSBJUNB_MA1136.1	FOSB::JUNB	1350	-0.18769	5.84391e-86	2.30812e-85	higher in second
IRF5_MA1420.1	IRF5	3312	0.06166	1.59611e-57	3.30576e-57	higher in first
TCF7L1_MA1421.1	TCF7L1	6914	-0.01268	1.00078e-18	1.27634e-18	higher in second
ATOH7_MA1468.1	ATOH7	3140	-0.04407	4.3648099999999997e-42	7.10502e-42	higher in second
FERD3L_MA1485.1	FERD3L	4921	0.07887	4.12539e-73	1.21496e-72	higher in first
FOXN3_MA1489.1	FOXN3	884	0.08153	1.0479300000000001e-44	1.7738200000000002e-44	higher in first
HES6_MA1493.1	HES6	2808	0.00237	0.336848	0.341541	not significant
IRF6_MA1509.1	IRF6	1286	0.04273	5.0143e-32	7.196580000000001e-32	higher in first
NR2F1_MA1538.1	NR2F1	3094	0.00564	0.0165556	0.0173027	higher in first
NR2F6_MA1539.1	NR2F6	2885	0.02518	1.5123e-31	2.15831e-31	higher in first
RXRB_MA1555.1	RXRB	3149	-0.01255	1.37687e-10	1.60346e-10	higher in second
RXRG_MA1556.1	RXRG	3694	-0.01612	2.14245e-18	2.7289500000000004e-18	higher in second
SMAD5_MA1557.1	SMAD5	1044	-0.03275	1.4512499999999997e-20	1.8766799999999998e-20	higher in second
TFAP4_MA1570.1	TFAP4	2456	-0.07569	4.21837e-64	1.03829e-63	higher in second
TGIF2LX_MA1571.1	TGIF2LX	2833	0.07097	1.42451e-65	3.5490899999999997e-65	higher in first
TGIF2LY_MA1572.1	TGIF2LY	2585	0.05426	5.68781e-44	9.454940000000001e-44	higher in first
ZBTB32_MA1580.1	ZBTB32	4070	-0.03119	5.032970000000001e-40	8.01343e-40	higher in second
ZNF135_MA1587.1	ZNF135	27242	-0.00808	1.20491e-25	1.6198e-25	higher in second
ZNF136_MA1588.1	ZNF136	4756	0.0026	0.130636	0.133385	not significant
ZNF382_MA1594.1	ZNF382	4610	-0.01815	2.65054e-24	3.50766e-24	higher in second
ZNF460_MA1596.1	ZNF460	34622	0.06482	2.90838e-112	1.94977e-111	higher in first
ZNF528_MA1597.1	ZNF528	8240	-0.0555	7.87535e-69	2.08984e-68	higher in second
HOXA5_MA0158.2	HOXA5	1369	-0.03962	2.17193e-27	2.97873e-27	higher in second
HOXD3_MA0912.2	HOXD3	2789	0.00824	5.33999e-05	5.90179e-05	higher in first
NEUROG1_MA0623.2	NEUROG1	1696	-0.13746	1.88842e-72	5.42057e-72	higher in second
HOXB1_MA2093.1	HOXB1	3448	0.02978	3.63029e-30	5.11655e-30	higher in first
Sox7_MA2095.1	Sox7	5543	-0.06021	2.2531399999999999e-66	5.655049999999999e-66	higher in second
ZNF524_MA2096.1	ZNF524	6175	0.07423	1.30804e-77	4.1783400000000004e-77	higher in first
ZNF707_MA1715.1	ZNF707	9705	0.00387	0.0586523	0.0606153	not significant
ZNF75A_MA2097.1	ZNF75A	7777	-0.00161	0.533536	0.538824	not significant
ZNF766_MA2098.1	ZNF766	6314	0.02139	4.00192e-30	5.62476e-30	higher in first
ZNF770_MA2099.1	ZNF770	16911	0.01378	1.7419e-37	2.63744e-37	higher in first
ZNF8_MA1718.1	ZNF8	4011	-0.00931	5.11586e-12	6.04764e-12	higher in second
ZSCAN16_MA2100.1	ZSCAN16	4935	0.02402	3.88847e-30	5.47287e-30	higher in first
ZNF677_MA2101.1	ZNF677	7540	-0.02651	1.38293e-36	2.06932e-36	higher in second
Foxn1_MA1684.1	Foxn1	3854	0.22084	1.65574e-116	1.26857e-115	higher in first
ZBTB17_MA2102.1	ZBTB17	212	0.19123	4.9195699999999995e-52	9.249149999999999e-52	higher in first
ELK1HOXA1_MA1931.1	ELK1::HOXA1	2716	-0.053	1.9415599999999998e-52	3.68427e-52	higher in second
HOXB2ELK1_MA1957.1	HOXB2::ELK1	2812	-0.10259	3.4343700000000003e-74	1.02628e-73	higher in second
POU2F1SOX2_MA1962.1	POU2F1::SOX2	6349	0.0098	2.51326e-11	2.93694e-11	higher in first
ZFP14_MA1972.1	ZFP14	18798	-0.03156	1.65444e-62	3.68095e-62	higher in second
ZNF418_MA1980.1	ZNF418	9464	-0.00615	1.1922e-08	1.36654e-08	higher in second
ZNF669_MA1985.1	ZNF669	2964	0.12864	1.6486e-88	6.97062e-88	higher in first
FOXP4_MA2117.1	FOXP4	3065	0.04807	1.7609e-46	3.031e-46	higher in first
FOXS1_MA2118.1	FOXS1	5285	0.04408	1.9612200000000002e-56	3.9574e-56	higher in first
HOXA3_MA2119.1	HOXA3	1900	0.03448	4.50809e-21	5.8444499999999996e-21	higher in first
ZNF184_MA2120.1	ZNF184	8085	-0.05184	9.29906e-69	2.45486e-68	higher in second
ZNF213_MA2121.1	ZNF213	27609	0.07107	1.07141e-107	6.657080000000001e-107	higher in first
Ebf4_MA2122.1	Ebf4	9787	0.10659	2.10886e-98	1.1020100000000001e-97	higher in first
Hand1_MA2123.1	Hand1	8618	0.01632	9.26861e-22	1.21241e-21	higher in first
Hmga1_MA2124.1	Hmga1	14307	0.05281	3.6108799999999996e-88	1.50183e-87	higher in first
Zfp809_MA2125.1	Zfp809	18715	-0.02448	5.3456e-55	1.0618300000000001e-54	higher in second
Zfp961_MA2126.1	Zfp961	4231	0.25661	2.98778e-124	2.7931599999999997e-123	higher in first
SP1_MA0079.5	SP1	18707	0.20665	4.47596e-150	2.2805e-148	higher in first
RFX1_MA0509.3	RFX1	1807	-0.01887	1.01926e-11	1.20211e-11	higher in second
SP2_MA0516.3	SP2	18137	0.16709	7.14247e-134	8.6645e-133	higher in first
BHLHA15_MA0607.2	BHLHA15	1653	-0.03714	8.933600000000001e-28	1.23185e-27	higher in second
SP4_MA0685.2	SP4	20725	0.15274	6.163769999999999e-135	7.75417e-134	higher in first
KLF14_MA0740.2	KLF14	19480	0.15772	1.7687e-132	2.0956999999999998e-131	higher in first
KLF12_MA0742.2	KLF12	16520	0.21408	6.45171e-139	1.0272299999999999e-137	higher in first
RFX3_MA0798.3	RFX3	1902	-0.01637	8.43788e-13	1.01155e-12	higher in second
BHLHE22_MA0818.2	BHLHE22	1365	-0.09409	4.23031e-52	7.968e-52	higher in second
HES5_MA0821.2	HES5	2071	0.05082	4.04603e-40	6.452120000000001e-40	higher in first
TFE3_MA0831.3	TFE3	1635	-0.12363	5.077749999999999e-78	1.6374100000000002e-77	higher in second
CDX1_MA0878.3	CDX1	4289	-0.02748	1.36488e-33	1.98404e-33	higher in second
DUXA_MA0884.2	DUXA	2162	-0.02682	1.02445e-24	1.3663700000000002e-24	higher in second
KLF10_MA1511.2	KLF10	18588	0.19102	4.53442e-138	6.89637e-137	higher in first
NR1D2_MA1532.2	NR1D2	6104	0.00516	7.85595e-05	8.4801e-05	higher in first
PITX2_MA1547.2	PITX2	3444	-0.03629	8.01362e-41	1.2941200000000002e-40	higher in second
SOX18_MA1563.2	SOX18	3095	-0.0553	2.25522e-50	4.17073e-50	higher in second
Thap11_MA1573.2	Thap11	6357	-0.01735	5.7156899999999996e-27	7.77609e-27	higher in second
ZNF75D_MA1601.2	ZNF75D	7089	-0.00856	4.04152e-08	4.61177e-08	higher in second
BACH1_MA1633.2	BACH1	4972	-0.45117	1.57331e-146	4.21895e-145	higher in second
Pgr_MA2323.1	Pgr	4829	-0.03547	5.11889e-47	9.04012e-47	higher in second
BCL11A_MA2324.1	BCL11A	3789	-0.09687	1.65679e-74	5.0097e-74	higher in second
EPAS1_MA2325.1	EPAS1	1226	0.17194	1.27276e-76	3.97836e-76	higher in first
IKZF2_MA2326.1	IKZF2	35454	-0.16546	8.10137e-149	3.0575199999999997e-147	higher in second
PGR_MA2327.1	PGR	2854	-0.05196	1.0136899999999999e-49	1.85783e-49	higher in second
ZBED4_MA2328.1	ZBED4	10484	0.38965	1.6853700000000002e-163	8.586970000000001e-161	higher in first
ZBTB11_MA2329.1	ZBTB11	5453	-0.04194	5.31672e-54	1.03195e-53	higher in second
ZNF157_MA2331.1	ZNF157	3571	0.00133	0.414114	0.418633	not significant
ZNF175_MA2332.1	ZNF175	14009	-0.11816	2.78397e-114	1.9977900000000002e-113	higher in second
ZNF35_MA2333.1	ZNF35	3400	0.01628	1.49259e-12	1.7706e-12	higher in first
ZNF547_MA2334.1	ZNF547	4124	-0.0184	9.3714e-19	1.1966700000000002e-18	higher in second
ZNF558_MA2335.1	ZNF558	10884	0.03599	1.89034e-64	4.68675e-64	higher in first
ZSCAN21_MA2336.1	ZSCAN21	3906	-0.04171	1.32057e-46	2.32411e-46	higher in second
Nr1h3_MA2337.1	Nr1h3	15740	-0.06052	5.3449099999999996e-92	2.46446e-91	higher in second
Ppara_MA2338.1	Ppara	4107	-0.09369	8.6631e-78	2.77601e-77	higher in second
Nanog_MA2339.1	Nanog	1992	-0.19838	4.897740000000001e-100	2.64064e-99	higher in second
Zbtb2_MA2340.1	Zbtb2	2918	0.06119	2.49348e-56	5.01155e-56	higher in first
FEZF2_MA2341.1	FEZF2	29836	0.00248	0.00244084	0.00259897	higher in first
LIN54_MA0619.2	LIN54	11755	0.04855	2.48492e-72	7.11274e-72	higher in first
AhrArnt_MA0006.2	Ahr::Arnt	19227	0.11422	4.16552e-119	3.39573e-118	higher in first
Alx1_MA0854.2	Alx1	1479	0.03988	2.24748e-25	3.0134e-25	higher in first
ALX3_MA0634.2	ALX3	5748	0.04747	3.43701e-63	7.76567e-63	higher in first
Alx4_MA0853.2	Alx4	1811	0.05242	2.4130999999999997e-38	3.70324e-38	higher in first
TBX21_MA0690.3	TBX21	5754	0.10095	1.4889e-91	6.80353e-91	higher in first
Ar_MA0007.4	Ar	2513	-0.00819	0.00450511	0.00476214	higher in second
ARGFX_MA1463.2	ARGFX	1479	0.03981	2.5668e-25	3.43701e-25	higher in first
Arid3b_MA0601.2	Arid3b	2804	0.05235	4.1031e-44	6.831790000000001e-44	higher in first
Arid5a_MA0602.2	Arid5a	3081	0.02125	3.027e-17	3.78468e-17	higher in first
ARNTHIF1A_MA0259.2	ARNT::HIF1A	11949	0.04117	3.78504e-67	9.69085e-67	higher in first
ARNT2_MA1464.2	ARNT2	2126	-0.02357	3.0018500000000003e-18	3.8093200000000005e-18	higher in second
Arntl_MA0603.2	Arntl	1980	-0.03363	4.3046700000000005e-30	6.0419500000000005e-30	higher in second
Arx_MA0874.2	Arx	2190	0.05399	2.13524e-42	3.48688e-42	higher in first
ASCL1_MA1100.3	ASCL1	6168	0.08494	4.8855900000000004e-82	1.74071e-81	higher in first
ASCL1_MA1631.2	ASCL1	11647	0.20692	3.1877099999999997e-137	4.6404e-136	higher in first
ATF2_MA1632.2	ATF2	5257	-0.08279	2.4178299999999998e-80	8.21257e-80	higher in second
Atf3_MA1988.2	Atf3	4957	-0.44329	1.1729099999999999e-147	3.41484e-146	higher in second
ATF3_MA0605.3	ATF3	1180	-0.11094	1.97174e-60	4.30236e-60	higher in second
ATF4_MA0833.3	ATF4	4860	-0.39593	1.2506799999999999e-143	2.65509e-142	higher in second
ATF6_MA1466.2	ATF6	2226	-0.04884	3.9987400000000003e-41	6.47306e-41	higher in second
ATF7_MA0834.2	ATF7	1230	-0.17728	1.1415799999999999e-79	3.80153e-79	higher in second
Atoh1_MA0461.3	Atoh1	2367	-0.11625	4.16818e-74	1.2383e-73	higher in second
Atoh1_MA1467.3	Atoh1	4377	0.01359	4.04571e-15	4.95502e-15	higher in first
Bach1Mafk_MA0591.2	Bach1::Mafk	6690	-0.25045	1.4417699999999998e-131	1.66951e-130	higher in second
MAFK_MA0496.4	MAFK	9941	-0.18564	7.02093e-131	7.77645e-130	higher in second
BACH2_MA1101.3	BACH2	3840	-0.45643	5.07608e-148	1.84733e-146	higher in second
BACH2_MA1470.2	BACH2	1913	-0.11291	2.4815399999999997e-71	6.834289999999999e-71	higher in second
BARHL1_MA0877.4	BARHL1	2074	0.15099	1.92732e-83	7.115710000000001e-83	higher in first
BARHL2_MA0635.2	BARHL2	2074	0.15099	1.92732e-83	7.115710000000001e-83	higher in first
BARX1_MA0875.2	BARX1	8224	0.00525	7.70488e-05	8.32584e-05	higher in first
BARX2_MA1471.2	BARX2	3997	0.01473	3.87682e-15	4.75962e-15	higher in first
BATF_MA1634.2	BATF	4957	-0.44329	1.1729099999999999e-147	3.41484e-146	higher in second
BATFJUN_MA0462.3	BATF::JUN	4957	-0.44329	1.1729099999999999e-147	3.41484e-146	higher in second
Jun_MA0489.3	Jun	4948	-0.44207	9.6189e-147	2.6491000000000002e-145	higher in second
JUN_MA0488.2	JUN	5336	-0.2468	7.35518e-124	6.6919e-123	higher in second
BATF3_MA0835.3	BATF3	4957	-0.44329	1.1729099999999999e-147	3.41484e-146	higher in second
Bcl11B_MA1989.2	Bcl11B	8056	0.0344	2.74847e-52	5.18646e-52	higher in first
BCL6_MA0463.3	BCL6	4032	-0.0427	5.05505e-53	9.700750000000001e-53	higher in second
Bhlha15_MA1472.3	Bhlha15	7087	0.01397	2.2511099999999997e-20	2.90733e-20	higher in first
BHLHE22_MA1635.2	BHLHE22	12585	0.01935	1.1080199999999999e-39	1.73704e-39	higher in first
BHLHE23_MA0817.2	BHLHE23	1616	-0.07089	7.648389999999999e-49	1.37455e-48	higher in second
BHLHE40_MA0464.3	BHLHE40	1661	-0.04775	9.20429e-34	1.33988e-33	higher in second
BNC2_MA1928.2	BNC2	4957	-0.44329	1.1729099999999999e-147	3.41484e-146	higher in second
BSX_MA0876.2	BSX	8224	0.00525	7.70488e-05	8.32584e-05	higher in first
CDX2_MA0465.3	CDX2	5280	-0.00649	3.62149e-07	4.07768e-07	higher in second
CDX4_MA1473.2	CDX4	5417	-0.0212	2.5094399999999997e-27	3.43699e-27	higher in second
CEBPA_MA0102.5	CEBPA	5967	-0.50838	7.77937e-162	2.64239e-159	higher in second
CEBPB_MA0466.4	CEBPB	1476	-0.97077	1.02438e-156	1.1598300000000001e-154	higher in second
CEBPD_MA0836.3	CEBPD	5491	-0.42084	1.6423499999999999e-146	4.29117e-145	higher in second
CEBPE_MA0837.3	CEBPE	1620	-0.96354	8.454759999999999e-156	7.83219e-154	higher in second
CEBPG_MA1636.2	CEBPG	5691	-0.47396	5.1927600000000006e-160	1.05828e-157	higher in second
CLOCK_MA0819.3	CLOCK	2426	0.01837	3.61692e-15	4.44588e-15	higher in first
CREB1_MA0018.5	CREB1	7110	-0.07422	8.47579e-82	3.00935e-81	higher in second
CREB3_MA0638.2	CREB3	1676	-0.04062	5.87139e-28	8.10697e-28	higher in second
CREB3L1_MA0839.2	CREB3L1	2397	-0.01972	1.28791e-16	1.60046e-16	higher in second
CREB3L4_MA1474.2	CREB3L4	2027	-0.00627	0.898574	0.901227	not significant
CREB3L4_MA1475.2	CREB3L4	1009	-0.01215	0.0235842	0.0245729	higher in second
Creb5_MA0840.2	Creb5	1842	-0.17704	8.816620000000001e-85	3.40308e-84	higher in second
CREM_MA0609.3	CREM	1616	-0.05367	2.02359e-37	3.0594e-37	higher in second
Crx_MA0467.3	Crx	13210	-0.04396	2.7031699999999997e-71	7.325869999999999e-71	higher in second
CTCF_MA0139.2	CTCF	12295	0.18453	4.2941200000000005e-129	4.60601e-128	higher in first
CTCF_MA1929.2	CTCF	11823	0.14949	6.20524e-126	6.022039999999999e-125	higher in first
CTCF_MA1930.2	CTCF	11350	0.1496	4.08168e-124	3.78112e-123	higher in first
CTCFL_MA1102.3	CTCFL	9626	0.21693	1.7506e-135	2.25805e-134	higher in first
CUX1_MA0754.3	CUX1	1326	-0.00739	0.00821565	0.00863067	higher in second
Hoxa13_MA0650.4	Hoxa13	4671	-0.00649	5.34231e-08	6.08248e-08	higher in second
HOXB13_MA0901.3	HOXB13	7190	0.05005	2.17153e-64	5.370849999999999e-64	higher in first
CUX2_MA0755.2	CUX2	1010	0.0636	1.23035e-36	1.84643e-36	higher in first
DBP_MA0639.2	DBP	1658	-0.48085	4.7462e-128	4.93508e-127	higher in second
Ddit3Cebpa_MA0019.2	Ddit3::Cebpa	4019	-0.21191	3.51032e-113	2.4168999999999997e-112	higher in second
DLX1_MA0879.3	DLX1	8224	0.00525	7.70488e-05	8.32584e-05	higher in first
Dlx2_MA0885.3	Dlx2	2252	-0.0125	5.81822e-10	6.75258e-10	higher in second
Dlx3_MA0880.2	Dlx3	8224	0.00525	7.70488e-05	8.32584e-05	higher in first
Dlx4_MA0881.2	Dlx4	8224	0.00525	7.70488e-05	8.32584e-05	higher in first
Dlx5_MA1476.3	Dlx5	2252	-0.0125	5.81822e-10	6.75258e-10	higher in second
DLX6_MA0882.2	DLX6	8224	0.00525	7.70488e-05	8.32584e-05	higher in first
Dmbx1_MA0883.2	Dmbx1	2555	-0.05691	1.06925e-50	1.98827e-50	higher in second
Dmrt1_MA1603.2	Dmrt1	4658	-0.01209	2.04986e-16	2.53804e-16	higher in second
DMRT3_MA0610.2	DMRT3	2146	-0.0074	0.0906447	0.0931118	not significant
DMRTA1_MA1707.2	DMRTA1	3481	-0.04877	7.82459e-57	1.5883e-56	higher in second
DMRTA2_MA1478.2	DMRTA2	8161	-0.05257	6.2126400000000005e-68	1.60677e-67	higher in second
DMRTC2_MA1479.2	DMRTC2	3915	-0.06761	5.9233000000000004e-67	1.5052e-66	higher in second
DPRX_MA1480.2	DPRX	2549	-0.01361	6.30392e-09	7.25842e-09	higher in second
DRGX_MA1481.2	DRGX	5748	0.04747	3.43701e-63	7.76567e-63	higher in first
Dux_MA0611.3	Dux	2981	-0.06514	1.0823200000000001e-61	2.39237e-61	higher in second
E2F2_MA0864.3	E2F2	1252	0.15973	2.30421e-75	7.02991e-75	higher in first
E2F3_MA0469.4	E2F3	644	0.12415	2.86567e-54	5.59409e-54	higher in first
ONECUT2_MA0756.3	ONECUT2	516	0.14682	1.1674199999999999e-57	2.44271e-57	higher in first
E2F4_MA0470.3	E2F4	974	0.17442	8.34014e-74	2.47052e-73	higher in first
E2F6_MA0471.3	E2F6	9147	0.1175	4.62491e-105	2.7085e-104	higher in first
E2F8_MA0865.3	E2F8	2597	0.21909	3.75593e-106	2.25135e-105	higher in first
EBF1_MA0154.5	EBF1	9720	0.12225	2.7022500000000003e-113	1.8732e-112	higher in first
Ebf2_MA1604.2	Ebf2	9381	0.09727	5.23503e-99	2.77838e-98	higher in first
EBF3_MA1637.2	EBF3	9211	0.10125	4.20615e-100	2.27982e-99	higher in first
EGR1_MA0162.5	EGR1	8229	0.30018	1.01933e-136	1.42287e-135	higher in first
EGR3_MA0732.2	EGR3	6959	0.32178	3.42644e-138	5.29022e-137	higher in first
EGR4_MA0733.2	EGR4	8532	0.2801	1.5349e-142	2.89641e-141	higher in first
EHF_MA0598.4	EHF	13430	-0.15489	4.26694e-124	3.9171299999999996e-123	higher in second
ELF1_MA0473.4	ELF1	13538	-0.10725	7.13394e-111	4.68999e-110	higher in second
ELF2_MA1483.3	ELF2	4603	-0.10124	3.16174e-84	1.18886e-83	higher in second
ELF3_MA0640.3	ELF3	16092	-0.14781	4.05349e-127	4.0495200000000006e-126	higher in second
Elf5_MA0136.4	Elf5	14854	-0.17634	9.32009e-138	1.39664e-136	higher in second
ELK1_MA0028.3	ELK1	2264	0.02788	7.6696e-26	1.03377e-25	higher in first
EOMES_MA0800.2	EOMES	5464	0.10991	1.9217699999999997e-92	9.10831e-92	higher in first
ETV7_MA1708.2	ETV7	7135	-0.15482	7.71167e-115	5.7359e-114	higher in second
HOXA1_MA1495.2	HOXA1	5748	0.04747	3.43701e-63	7.76567e-63	higher in first
ELK1HOXB13_MA1932.2	ELK1::HOXB13	2507	-0.08537	1.01436e-62	2.26177e-62	higher in second
PAX1_MA0779.2	PAX1	1814	0.21254	2.60522e-96	1.31422e-95	higher in first
PAX5_MA0014.4	PAX5	2152	0.17059	2.5103999999999999e-88	1.05272e-87	higher in first
PAX9_MA0781.2	PAX9	2171	0.15751	3.56374e-88	1.4883e-87	higher in first
SPDEF_MA0686.2	SPDEF	1889	0.06282	2.10296e-50	3.8962e-50	higher in first
ELK1SREBF2_MA1933.2	ELK1::SREBF2	2615	-0.02326	1.64605e-16	2.04303e-16	higher in second
SREBF2_MA0828.3	SREBF2	1100	-0.16713	3.57367e-72	1.01436e-71	higher in second
TEF_MA0843.2	TEF	1937	-0.36746	4.69989e-116	3.57402e-115	higher in second
ELK3_MA0759.3	ELK3	1659	0.04632	1.79195e-36	2.67742e-36	higher in first
ELK4_MA0076.3	ELK4	4580	-0.02158	1.5067200000000001e-24	1.9991500000000004e-24	higher in second
EMX1_MA0612.3	EMX1	5748	0.04747	3.43701e-63	7.76567e-63	higher in first
EMX2_MA0886.2	EMX2	5748	0.04747	3.43701e-63	7.76567e-63	higher in first
EN1_MA0027.3	EN1	5748	0.04747	3.43701e-63	7.76567e-63	higher in first
EN2_MA0642.3	EN2	1676	0.02733	4.2695e-18	5.39111e-18	higher in first
ERF_MA0760.2	ERF	3770	-0.04776	1.08572e-49	1.98627e-49	higher in second
ERFFIGLA_MA1934.2	ERF::FIGLA	6125	0.07146	2.2221700000000003e-77	7.054170000000001e-77	higher in first
FIGLA_MA0820.2	FIGLA	22054	0.22836	4.06118e-154	2.95596e-152	higher in first
ERFFOXI1_MA1935.2	ERF::FOXI1	11113	-0.11646	4.86157e-119	3.9317e-118	higher in second
ERFFOXO1_MA1936.2	ERF::FOXO1	9408	-0.06538	1.89704e-75	5.85783e-75	higher in second
Foxo1_MA0480.3	Foxo1	3065	0.04807	1.7609e-46	3.031e-46	higher in first
ERFHOXB13_MA1937.2	ERF::HOXB13	3254	-0.11536	2.69678e-82	9.67614e-82	higher in second
MAX_MA0058.4	MAX	3081	0.00093	0.00382313	0.00404545	higher in first
ERFNHLH1_MA1938.2	ERF::NHLH1	6352	0.04509	6.15205e-61	1.34816e-60	higher in first
NHLH1_MA0048.3	NHLH1	7936	0.09906	3.78949e-96	1.88365e-95	higher in first
ERFSREBF2_MA1939.2	ERF::SREBF2	2328	-0.03783	9.58168e-35	1.40891e-34	higher in second
Erg_MA0474.4	Erg	15412	-0.12468	1.7114800000000002e-119	1.4178800000000001e-118	higher in second
ESR1_MA0112.4	ESR1	5434	-0.03668	1.01955e-43	1.6920499999999999e-43	higher in second
ESRRA_MA0592.4	ESRRA	6112	-0.06702	2.24566e-75	6.87184e-75	higher in second
ESRRB_MA0141.4	ESRRB	5186	-0.05994	3.86123e-68	1.0062900000000001e-67	higher in second
Esrrg_MA0643.2	Esrrg	5448	-0.06464	1.01731e-69	2.7208300000000003e-69	higher in second
ESX1_MA0644.3	ESX1	1974	0.02239	1.21988e-12	1.44878e-12	higher in first
ETS1_MA0098.4	ETS1	3527	-0.0118	1.229e-06	1.3747e-06	higher in second
ETS2_MA1484.2	ETS2	3105	-0.0013	0.889425	0.89293	not significant
ETV1_MA0761.3	ETV1	15023	-0.09748	2.70575e-109	1.72323e-108	higher in second
ETV2_MA0762.2	ETV2	3883	-0.02712	3.04433e-29	4.23216e-29	higher in second
ETV2DRGX_MA1940.2	ETV2::DRGX	2784	-0.09299	3.40912e-78	1.10282e-77	higher in second
ETV2FIGLA_MA1941.2	ETV2::FIGLA	7398	0.07905	9.19801e-84	3.4207200000000005e-83	higher in first
ETV2FOXI1_MA1942.2	ETV2::FOXI1	11059	-0.08759	3.39063e-96	1.69366e-95	higher in second
ETV2HOXB13_MA1943.2	ETV2::HOXB13	2179	-0.04498	1.08099e-34	1.5872200000000001e-34	higher in second
ETV3_MA0763.2	ETV3	2306	0.01205	2.499e-06	2.79219e-06	higher in first
ETV4_MA0764.4	ETV4	2379	0.02813	9.075919999999999e-20	1.16625e-19	higher in first
ETV5_MA0765.4	ETV5	1537	0.05923	2.96777e-47	5.25941e-47	higher in first
ETV5DRGX_MA1944.2	ETV5::DRGX	4122	-0.12853	6.31015e-93	3.0474099999999997e-92	higher in second
ETV5FIGLA_MA1945.2	ETV5::FIGLA	9581	0.05583	1.43186e-71	3.9756499999999995e-71	higher in first
ETV5FOXI1_MA1946.2	ETV5::FOXI1	8218	-0.10623	1.0019300000000001e-100	5.51877e-100	higher in second
ETV5FOXO1_MA1947.2	ETV5::FOXO1	8109	-0.05632	5.07527e-72	1.42471e-71	higher in second
ETV5HOXA2_MA1948.2	ETV5::HOXA2	2719	-0.13168	1.65505e-85	6.48653e-85	higher in second
HOXA2_MA0900.3	HOXA2	5748	0.04747	3.43701e-63	7.76567e-63	higher in first
ETV6_MA0645.2	ETV6	6546	-0.15185	7.96832e-108	4.9814200000000003e-107	higher in second
EVX1_MA0887.2	EVX1	5748	0.04747	3.43701e-63	7.76567e-63	higher in first
EVX2_MA0888.2	EVX2	5748	0.04747	3.43701e-63	7.76567e-63	higher in first
FEV_MA0156.4	FEV	2134	0.03502	1.4313e-24	1.9040400000000002e-24	higher in first
FLI1_MA0475.3	FLI1	2685	0.01125	2.61725e-07	2.95347e-07	higher in first
FLI1DRGX_MA1949.2	FLI1::DRGX	3048	-0.08018	1.4365400000000001e-61	3.16848e-61	higher in second
FLI1FOXI1_MA1950.2	FLI1::FOXI1	9945	-0.06724	3.92701e-87	1.5942699999999999e-86	higher in second
FOS_MA0476.2	FOS	5423	-0.43711	1.84482e-153	1.25325e-151	higher in second
FOS_MA1951.2	FOS	1728	-0.12152	7.41525e-72	2.07017e-71	higher in second
FOSJUN_MA0099.4	FOS::JUN	4325	-0.48717	4.15196e-151	2.35047e-149	higher in second
FOSJUN_MA1126.2	FOS::JUN	1921	-0.12183	9.54284e-80	3.18825e-79	higher in second
FOSJUNB_MA1134.2	FOS::JUNB	4370	-0.48402	7.41394e-152	4.4439999999999997e-150	higher in second
JUNB_MA1140.3	JUNB	1499	-0.14429	6.3229999999999996e-80	2.11945e-79	higher in second
JUNB_MA0490.3	JUNB	5091	-0.4534	8.51842e-146	2.06673e-144	higher in second
FOSJUND_MA1141.2	FOS::JUND	4939	-0.45145	2.32943e-146	5.78949e-145	higher in second
JUND_MA0492.2	JUND	4458	-0.16529	1.0203799999999999e-101	5.6817799999999994e-101	higher in second
JUND_MA0491.3	JUND	4577	-0.47788	4.6289100000000003e-153	2.94804e-151	higher in second
FOSBJUNB_MA1135.2	FOSB::JUNB	4523	-0.46301	2.9183799999999997e-150	1.56517e-148	higher in second
FOSL1_MA0477.3	FOSL1	5101	-0.44597	2.09494e-149	8.53899e-148	higher in second
FOSL1JUN_MA1128.2	FOSL1::JUN	5053	-0.45043	5.98965e-150	2.90641e-148	higher in second
FOSL1JUNB_MA1137.2	FOSL1::JUNB	4706	-0.46594	1.3857999999999999e-149	5.88387e-148	higher in second
FOSL1JUND_MA1142.2	FOSL1::JUND	4017	-0.47663	7.34563e-147	2.0792200000000002e-145	higher in second
FOSL1JUND_MA1143.2	FOSL1::JUND	1639	-0.14637	4.75745e-76	1.48252e-75	higher in second
FOSL2_MA0478.2	FOSL2	8552	-0.28655	3.1918599999999998e-139	5.1627e-138	higher in second
FOSL2JUN_MA1130.2	FOSL2::JUN	4531	-0.47672	1.15486e-147	3.41484e-146	higher in second
FOSL2JUN_MA1131.2	FOSL2::JUN	2171	-0.17854	1.32201e-93	6.41489e-93	higher in second
FOSL2JUNB_MA1138.2	FOSL2::JUNB	4485	-0.47607	1.05136e-149	4.65797e-148	higher in second
FOSL2JUNB_MA1139.2	FOSL2::JUNB	1398	-0.19353	1.97827e-91	8.999379999999999e-91	higher in second
FOSL2JUND_MA1144.2	FOSL2::JUND	4196	-0.49016	7.00782e-150	3.2459e-148	higher in second
FOSL2JUND_MA1145.2	FOSL2::JUND	1949	-0.1498	2.3165e-83	8.5217e-83	higher in second
FOXA1_MA0148.5	FOXA1	4088	0.051	2.66317e-53	5.130000000000001e-53	higher in first
FOXA2_MA0047.4	FOXA2	5341	0.05318	3.96883e-57	8.1537e-57	higher in first
FOXA3_MA1683.2	FOXA3	3065	0.04807	1.7609e-46	3.031e-46	higher in first
FOXC2_MA0846.2	FOXC2	9429	0.0495	1.36084e-70	3.6588400000000005e-70	higher in first
FOXD1_MA0031.2	FOXD1	3065	0.04807	1.7609e-46	3.031e-46	higher in first
FOXD2_MA0847.4	FOXD2	9399	0.05259	2.14067e-75	6.57032e-75	higher in first
FOXD3_MA0041.3	FOXD3	12125	0.04881	4.9111299999999994e-79	1.61956e-78	higher in first
FOXE1_MA1487.3	FOXE1	12633	0.04032	2.4003e-68	6.28767e-68	higher in first
Foxf1_MA1606.2	Foxf1	3065	0.04807	1.7609e-46	3.031e-46	higher in first
FOXF2_MA0030.2	FOXF2	4534	0.02589	9.0451e-29	1.25572e-28	higher in first
FOXH1_MA0479.2	FOXH1	5195	-0.04542	4.27474e-63	9.57353e-63	higher in second
FOXJ2ELF1_MA1952.2	FOXJ2::ELF1	10486	-0.10966	1.58138e-101	8.757739999999999e-101	higher in second
PITX1_MA0682.3	PITX1	13210	-0.04396	2.7031699999999997e-71	7.325869999999999e-71	higher in second
Foxj3_MA0851.2	Foxj3	6229	0.03755	8.10955e-53	1.55331e-52	higher in first
FOXK1_MA0852.3	FOXK1	3065	0.04807	1.7609e-46	3.031e-46	higher in first
FOXK2_MA1103.3	FOXK2	7840	0.00799	6.98273e-14	8.41064e-14	higher in first
Foxl2_MA1607.2	Foxl2	6754	0.03328	8.86122e-46	1.51758e-45	higher in first
FOXO1ELF1_MA1953.2	FOXO1::ELF1	9619	-0.08994	5.5045e-96	2.72286e-95	higher in second
FOXO1ELK1_MA1954.2	FOXO1::ELK1	10767	-0.11734	6.48813e-105	3.77795e-104	higher in second
FOXO1ELK3_MA1955.2	FOXO1::ELK3	7759	-0.07191	3.66992e-85	1.43282e-84	higher in second
FOXO1FLI1_MA1956.2	FOXO1::FLI1	9431	-0.07995	5.63931e-88	2.3359599999999998e-87	higher in second
Foxo3_MA0157.4	Foxo3	3065	0.04807	1.7609e-46	3.031e-46	higher in first
FOXP1_MA0481.4	FOXP1	3065	0.04807	1.7609e-46	3.031e-46	higher in first
FOXP2_MA0593.2	FOXP2	8020	0.025	3.5643099999999996e-45	6.053389999999999e-45	higher in first
Foxq1_MA0040.2	Foxq1	5714	-0.02016	3.89134e-28	5.380290000000001e-28	higher in second
GABPA_MA0062.4	GABPA	15011	-0.12618	1.33026e-121	1.14876e-120	higher in second
GATA1_MA0035.5	GATA1	2112	-0.0157	1.1342e-08	1.30151e-08	higher in second
GATA1TAL1_MA0140.3	GATA1::TAL1	3923	0.02349	1.5005e-24	1.9935e-24	higher in first
GATA2_MA0036.4	GATA2	2922	0.0168	3.36346e-11	3.92596e-11	higher in first
Gata3_MA0037.5	Gata3	4356	0.02694	1.0809400000000001e-29	1.5088700000000002e-29	higher in first
GATA4_MA0482.3	GATA4	3436	0.01384	5.27997e-12	6.23441e-12	higher in first
GATA5_MA0766.3	GATA5	2570	0.01019	2.32939e-05	2.58006e-05	higher in first
GATA6_MA1104.3	GATA6	3540	0.01651	1.0309600000000001e-19	1.32145e-19	higher in first
GBX1_MA0889.2	GBX1	1676	0.02733	4.2695e-18	5.39111e-18	higher in first
GBX2_MA0890.2	GBX2	8224	0.00525	7.70488e-05	8.32584e-05	higher in first
GCM1_MA0646.2	GCM1	2705	0.08855	4.74369e-71	1.2821800000000002e-70	higher in first
SOX2_MA0143.5	SOX2	2622	-0.08733	8.505359999999999e-64	2.0586600000000001e-63	higher in second
GCM2_MA0767.2	GCM2	2728	0.1478	5.2119399999999995e-92	2.4474499999999998e-91	higher in first
GFI1_MA0038.3	GFI1	5842	-0.08653	1.36223e-84	5.23816e-84	higher in second
Gfi1B_MA0483.2	Gfi1B	9184	-0.02486	8.36768e-43	1.37085e-42	higher in second
Gli1_MA1990.2	Gli1	7199	0.05736	4.4211e-65	1.0988e-64	higher in first
Gli2_MA0734.4	Gli2	9480	0.03238	7.02599e-50	1.29466e-49	higher in first
GLI3_MA1491.3	GLI3	5357	0.08476	5.0525799999999996e-79	1.6554899999999998e-78	higher in first
GLIS1_MA0735.2	GLIS1	2805	0.15748	5.13217e-91	2.2837e-90	higher in first
Gmeb1_MA0615.2	Gmeb1	787	-0.03571	1.27242e-16	1.58315e-16	higher in second
GRHL1_MA0647.2	GRHL1	1989	0.00091	0.758747	0.764751	not significant
GRHL2_MA1105.3	GRHL2	4676	0.00308	0.0701702	0.0724452	not significant
GSC_MA0648.2	GSC	13210	-0.04396	2.7031699999999997e-71	7.325869999999999e-71	higher in second
GSC2_MA0891.2	GSC2	13210	-0.04396	2.7031699999999997e-71	7.325869999999999e-71	higher in second
GSX1_MA0892.2	GSX1	5748	0.04747	3.43701e-63	7.76567e-63	higher in first
GSX2_MA0893.3	GSX2	1900	0.03448	4.50809e-21	5.8444499999999996e-21	higher in first
Hand1Tcf3_MA0092.2	Hand1::Tcf3	5833	-0.04976	1.54565e-57	3.20777e-57	higher in second
TCF3_MA0522.4	TCF3	5967	0.24692	2.6003999999999996e-123	2.3244000000000002e-122	higher in first
HAND2_MA1638.2	HAND2	16467	-0.00054	0.0813978	0.0836976	not significant
HES1_MA1099.3	HES1	2351	0.18286	3.3762e-97	1.72017e-96	higher in first
HES2_MA0616.3	HES2	2280	0.11675	1.16863e-80	4.02307e-80	higher in first
HESX1_MA0894.2	HESX1	8224	0.00525	7.70488e-05	8.32584e-05	higher in first
HEY2_MA0649.2	HEY2	2146	0.07154	2.20505e-55	4.39714e-55	higher in first
Hic1_MA0739.2	Hic1	6420	0.01514	2.65926e-18	3.3830000000000004e-18	higher in first
HIC2_MA0738.2	HIC2	10470	-0.0202	2.27676e-39	3.5420199999999996e-39	higher in second
HIF1A_MA1106.2	HIF1A	3182	0.05196	1.11605e-52	2.1257099999999998e-52	higher in first
HINFP_MA0131.3	HINFP	1992	0.36109	2.03752e-125	1.9404e-124	higher in first
HLF_MA0043.4	HLF	3945	-0.40699	7.35872e-144	1.59543e-142	higher in second
HMBOX1_MA0895.2	HMBOX1	2091	-0.00838	2.78466e-05	3.08097e-05	higher in second
Hmx1_MA0896.2	Hmx1	3260	0.01005	3.65092e-07	4.10628e-07	higher in first
Hmx2_MA0897.2	Hmx2	3916	-0.00825	7.11281e-06	7.90399e-06	higher in second
Hmx3_MA0898.2	Hmx3	3191	-0.00013	0.991788	0.991788	not significant
Hnf1A_MA1991.2	Hnf1A	5810	0.0208	2.16874e-25	2.91165e-25	higher in first
HNF1A_MA0046.3	HNF1A	4225	0.03926	6.39575e-40	1.0135699999999999e-39	higher in first
HNF4A_MA1494.2	HNF4A	4337	-0.03338	5.65342e-40	8.987260000000001e-40	higher in second
HNF4A_MA0114.5	HNF4A	6011	-0.06493	5.30827e-72	1.48602e-71	higher in second
HNF4G_MA0484.3	HNF4G	6045	-0.06375	3.40676e-72	9.69689e-72	higher in second
HOXA10_MA0899.2	HOXA10	5512	-0.01989	1.68258e-30	2.3780100000000002e-30	higher in second
Hoxa11_MA0911.2	Hoxa11	1689	0.00551	0.00811805	0.00853694	higher in first
HOXA4_MA1496.2	HOXA4	1988	-0.08909	6.59186e-66	1.6463499999999998e-65	higher in second
HOXA6_MA1497.2	HOXA6	1900	0.03448	4.50809e-21	5.8444499999999996e-21	higher in first
HOXA7_MA1498.3	HOXA7	8224	0.00525	7.70488e-05	8.32584e-05	higher in first
HOXA9_MA0594.3	HOXA9	206	0.04012	4.00576e-06	4.47083e-06	higher in first
HOXB2_MA0902.3	HOXB2	5748	0.04747	3.43701e-63	7.76567e-63	higher in first
TBX3_MA1566.3	TBX3	5677	0.11732	2.3632900000000003e-100	1.29473e-99	higher in first
HOXB3_MA0903.2	HOXB3	5748	0.04747	3.43701e-63	7.76567e-63	higher in first
HOXB4_MA1499.2	HOXB4	10621	-0.03724	1.6074799999999998e-58	3.41967e-58	higher in second
HOXB5_MA0904.3	HOXB5	5748	0.04747	3.43701e-63	7.76567e-63	higher in first
HOXB6_MA1500.2	HOXB6	1832	-0.01787	1.57692e-14	1.91523e-14	higher in second
HOXB7_MA1501.2	HOXB7	1900	0.03448	4.50809e-21	5.8444499999999996e-21	higher in first
HOXB8_MA1502.2	HOXB8	3496	-0.03002	1.75038e-39	2.7356299999999996e-39	higher in second
HOXB9_MA1503.2	HOXB9	1809	-0.00543	0.00312042	0.00331912	higher in second
HOXC10_MA0905.2	HOXC10	2416	-0.01151	3.60897e-07	4.06807e-07	higher in second
HOXC11_MA0651.3	HOXC11	1518	0.03919	2.0192600000000002e-29	2.8109600000000004e-29	higher in first
HOXC12_MA0906.2	HOXC12	2046	0.01699	1.60008e-11	1.87627e-11	higher in first
HOXC13_MA0907.2	HOXC13	2956	0.03073	1.2823400000000001e-29	1.78756e-29	higher in first
HOXC4_MA1504.2	HOXC4	10621	-0.03724	1.6074799999999998e-58	3.41967e-58	higher in second
HOXC8_MA1505.2	HOXC8	5748	0.04747	3.43701e-63	7.76567e-63	higher in first
HOXC9_MA0485.3	HOXC9	1799	-0.0071	0.000146999	0.000158008	higher in second
HOXD10_MA1506.2	HOXD10	2004	-0.0186	1.52157e-12	1.80289e-12	higher in second
HOXD11_MA0908.2	HOXD11	1982	0.02168	2.15502e-14	2.61424e-14	higher in first
HOXD12_MA0873.2	HOXD12	1496	0.01402	1.91131e-09	2.2107e-09	higher in first
HOXD12ELK1_MA1958.2	HOXD12::ELK1	3370	-0.16174	1.60934e-98	8.45321e-98	higher in second
Hoxd13_MA0909.4	Hoxd13	4644	0.00617	0.000529196	0.000565846	higher in first
HOXD4_MA1507.2	HOXD4	10621	-0.03724	1.6074799999999998e-58	3.41967e-58	higher in second
HOXD8_MA0910.3	HOXD8	1832	-0.01787	1.57692e-14	1.91523e-14	higher in second
HOXD9_MA0913.3	HOXD9	4540	-0.01695	1.47832e-17	1.85518e-17	higher in second
IKZF1_MA1508.2	IKZF1	17613	-0.13456	1.28252e-119	1.07122e-118	higher in second
Ikzf3_MA1992.2	Ikzf3	16786	-0.10949	4.37062e-118	3.50682e-117	higher in second
Irf1_MA0050.4	Irf1	15464	0.029	4.50968e-57	9.22763e-57	higher in first
IRF2_MA0051.2	IRF2	7160	0.01663	4.93179e-23	6.50971e-23	higher in first
IRF3_MA1418.2	IRF3	10281	0.02493	3.41199e-39	5.2919699999999994e-39	higher in first
IRF4_MA1419.2	IRF4	4214	0.08687	3.79915e-74	1.13197e-73	higher in first
IRF7_MA0772.2	IRF7	8488	0.05015	5.483160000000001e-70	1.4703500000000001e-69	higher in first
IRF8_MA0652.2	IRF8	4899	0.0618	4.42256e-68	1.14671e-67	higher in first
Isl1_MA1608.2	Isl1	1617	-0.0432	9.55675e-30	1.3358500000000002e-29	higher in second
ISL2_MA0914.2	ISL2	10170	-0.02681	1.81417e-44	3.04053e-44	higher in second
ISX_MA0654.2	ISX	8224	0.00525	7.70488e-05	8.32584e-05	higher in first
JDP2_MA0656.2	JDP2	1808	-0.14413	4.70715e-80	1.58303e-79	higher in second
JUNJUNB_MA1132.2	JUN::JUNB	5062	-0.44207	7.72916e-149	3.02924e-147	higher in second
JUNJUNB_MA1133.2	JUN::JUNB	2113	-0.12878	2.51293e-77	7.952400000000001e-77	higher in second
KLF1_MA0493.3	KLF1	21531	0.14534	9.01675e-134	1.08095e-132	higher in first
KLF11_MA1512.2	KLF11	12250	0.18542	1.50408e-127	1.5481400000000002e-126	higher in first
KLF13_MA0657.2	KLF13	4226	0.08217	4.22696e-72	1.19646e-71	higher in first
KLF15_MA1513.2	KLF15	9899	0.40909	9.750820000000001e-160	1.65601e-157	higher in first
KLF17_MA1514.2	KLF17	12099	0.11991	5.93955e-114	4.23245e-113	higher in first
KLF2_MA1515.2	KLF2	14848	0.1903	3.81625e-131	4.3693900000000005e-130	higher in first
KLF3_MA1516.2	KLF3	9124	0.15034	2.82839e-117	2.2001e-116	higher in first
KLF4_MA0039.5	KLF4	23816	0.14113	1.69697e-135	2.21693e-134	higher in first
KLF6_MA1517.2	KLF6	10215	0.13984	1.9071e-113	1.33105e-112	higher in first
KLF7_MA1959.2	KLF7	12567	0.25343	1.92255e-145	4.4524399999999997e-144	higher in first
KLF9_MA1107.3	KLF9	16685	0.11557	9.14656e-117	7.06086e-116	higher in first
LBX1_MA0618.2	LBX1	1974	0.02239	1.21988e-12	1.44878e-12	higher in first
LBX2_MA0699.2	LBX2	8224	0.00525	7.70488e-05	8.32584e-05	higher in first
Lef1_MA0768.3	Lef1	4389	-0.0017	0.797605	0.803122	not significant
Lhx1_MA1518.3	Lhx1	1328	0.02251	3.261e-14	3.94183e-14	higher in first
LHX2_MA0700.3	LHX2	8224	0.00525	7.70488e-05	8.32584e-05	higher in first
Lhx3_MA0135.2	Lhx3	5734	0.0352	4.50124e-47	7.96314e-47	higher in first
Lhx4_MA0704.2	Lhx4	5748	0.04747	3.43701e-63	7.76567e-63	higher in first
LHX5_MA1519.2	LHX5	1900	0.03448	4.50809e-21	5.8444499999999996e-21	higher in first
LHX6_MA0658.2	LHX6	1902	0.03445	1.2980400000000001e-23	1.71556e-23	higher in first
Lhx8_MA0705.2	Lhx8	5748	0.04747	3.43701e-63	7.76567e-63	higher in first
LHX9_MA0701.3	LHX9	3650	0.02467	1.56696e-22	2.05764e-22	higher in first
LMX1A_MA0702.3	LMX1A	2980	0.06028	6.41239e-57	1.30685e-56	higher in first
LMX1B_MA0703.3	LMX1B	2969	0.06168	1.5081600000000002e-56	3.04923e-56	higher in first
MAF_MA1520.2	MAF	3431	-0.09804	5.4901100000000004e-76	1.70043e-75	higher in second
MAFNFE2_MA0501.2	MAF::NFE2	6188	-0.3209	2.99429e-141	5.44854e-140	higher in second
NFE2_MA0841.2	NFE2	4106	-0.41051	1.24515e-141	2.30692e-140	higher in second
MAFA_MA1521.2	MAFA	3620	-0.08058	5.07245e-67	1.29221e-66	higher in second
Mafb_MA0117.3	Mafb	4714	-0.10852	4.5579199999999995e-92	2.15024e-91	higher in second
MAFF_MA0495.4	MAFF	5756	-0.08669	5.3994300000000005e-83	1.96501e-82	higher in second
Mafg_MA0659.4	Mafg	9343	-0.1619	1.9922700000000002e-130	2.18293e-129	higher in second
MAXMYC_MA0059.2	MAX::MYC	2963	-0.00374	0.0556805	0.0576025	not significant
MYC_MA0147.4	MYC	2488	0.01141	6.93279e-08	7.87571e-08	higher in first
MAZ_MA1522.2	MAZ	16284	0.18287	1.4189e-138	2.2244e-137	higher in first
Mecom_MA0029.2	Mecom	4526	-0.002	0.0923816	0.0948005	not significant
MEF2A_MA0052.5	MEF2A	11376	0.04708	6.19664e-73	1.80928e-72	higher in first
MEF2C_MA0497.2	MEF2C	11934	0.05094	4.63975e-75	1.41132e-74	higher in first
MEIS1_MA0498.3	MEIS1	47946	-0.03449	3.9477e-91	1.78787e-90	higher in second
MEIS1_MA1639.2	MEIS1	3532	-0.04124	5.2396e-39	8.113409999999999e-39	higher in second
MEIS2_MA1640.2	MEIS2	3919	-0.0146	8.95256e-16	1.10712e-15	higher in second
MEIS3_MA0775.2	MEIS3	2737	0.0179	4.31227e-17	5.38506e-17	higher in first
MEOX1_MA0661.2	MEOX1	1974	0.02239	1.21988e-12	1.44878e-12	higher in first
MEOX2_MA0706.2	MEOX2	1900	0.03448	4.50809e-21	5.8444499999999996e-21	higher in first
MGAEVX1_MA1960.2	MGA::EVX1	4097	0.03894	6.989389999999999e-49	1.25834e-48	higher in first
MITF_MA0620.4	MITF	1902	-0.17081	1.80848e-94	8.85981e-94	higher in second
mix-a_MA0621.2	mix-a	4290	0.05136	3.59896e-58	7.60859e-58	higher in first
MIXL1_MA0662.2	MIXL1	5748	0.04747	3.43701e-63	7.76567e-63	higher in first
Mlxip_MA0622.2	Mlxip	3081	0.00093	0.00382313	0.00404545	higher in first
MLXIPL_MA0664.2	MLXIPL	1976	-0.05182	1.77606e-39	2.7715199999999998e-39	higher in second
MNT_MA0825.2	MNT	3081	0.00093	0.00382313	0.00404545	higher in first
MNX1_MA0707.3	MNX1	5748	0.04747	3.43701e-63	7.76567e-63	higher in first
MSANTD3_MA1523.2	MSANTD3	4013	0.01936	1.4886099999999999e-22	1.95728e-22	higher in first
Msgn1_MA1524.3	Msgn1	5354	-0.00822	5.58818e-09	6.44158e-09	higher in second
MSX1_MA0666.3	MSX1	8224	0.00525	7.70488e-05	8.32584e-05	higher in first
MSX2_MA0708.3	MSX2	8224	0.00525	7.70488e-05	8.32584e-05	higher in first
Msx3_MA0709.2	Msx3	8224	0.00525	7.70488e-05	8.32584e-05	higher in first
MXI1_MA1108.3	MXI1	13921	-0.0689	1.99751e-89	8.69858e-89	higher in second
MYB_MA0100.4	MYB	10188	-0.05826	3.36303e-81	1.1817e-80	higher in second
MYCN_MA0104.5	MYCN	1594	0.03841	3.6628e-27	4.9898299999999995e-27	higher in first
MYF5_MA1641.2	MYF5	3773	0.01166	1.06426e-13	1.28038e-13	higher in first
MYOD1_MA0499.3	MYOD1	10186	0.16466	7.281180000000001e-121	6.1829400000000005e-120	higher in first
MYOG_MA0500.3	MYOG	7074	0.01921	2.3940600000000002e-26	3.24407e-26	higher in first
MZF1_MA0056.3	MZF1	5903	0.0227	1.39456e-27	1.91775e-27	higher in first
NEUROD1_MA1109.2	NEUROD1	7206	0.02021	8.27006e-36	1.2266699999999998e-35	higher in first
Neurod2_MA1993.2	Neurod2	12585	0.01935	1.1080199999999999e-39	1.73704e-39	higher in first
Neurod2_MA0668.3	Neurod2	7206	0.02021	8.27006e-36	1.2266699999999998e-35	higher in first
NEUROG2_MA1642.2	NEUROG2	4377	0.01359	4.04571e-15	4.95502e-15	higher in first
Nfat5_MA0606.3	Nfat5	9945	-0.03625	4.8968e-59	1.0571699999999999e-58	higher in second
Nfatc1_MA0624.3	Nfatc1	21981	-0.01676	4.81677e-46	8.26311e-46	higher in second
Nfatc2_MA0152.3	Nfatc2	7051	0.01088	2.83921e-14	3.43605e-14	higher in first
NFATC3_MA0625.3	NFATC3	21981	-0.01676	4.81677e-46	8.26311e-46	higher in second
NFATC4_MA1525.3	NFATC4	5502	0.03016	3.5157900000000002e-40	5.6330100000000004e-40	higher in first
Nfe2l2_MA0150.3	Nfe2l2	6272	-0.28682	1.50214e-144	3.4015e-143	higher in second
NFIA_MA0670.2	NFIA	11987	-0.05212	3.42905e-77	1.07846e-76	higher in second
NFIB_MA1643.2	NFIB	9636	-0.05486	9.217390000000001e-69	2.4396200000000002e-68	higher in second
NFIC_MA0161.3	NFIC	3913	-0.04065	3.1997299999999998e-43	5.28448e-43	higher in second
NFIC_MA1527.2	NFIC	4846	-0.08959	2.21574e-84	8.42476e-84	higher in second
NFIL3_MA0025.3	NFIL3	4270	-0.33586	1.3167499999999999e-135	1.7425499999999999e-134	higher in second
NFIX_MA0671.2	NFIX	11987	-0.05212	3.42905e-77	1.07846e-76	higher in second
NFIX_MA1528.2	NFIX	5579	-0.0329	7.8714599999999995e-50	1.4478399999999998e-49	higher in second
NFKB2_MA0778.2	NFKB2	5328	0.16332	3.76389e-107	2.2829800000000003e-106	higher in first
NFYA_MA0060.4	NFYA	2857	-0.03093	3.0612599999999997e-27	4.18154e-27	higher in second
NFYB_MA0502.3	NFYB	4646	-0.0739	1.4587699999999999e-71	4.03936e-71	higher in second
NFYC_MA1644.2	NFYC	2180	-0.01381	5.34543e-07	5.9989e-07	higher in second
NHLH2_MA1529.2	NHLH2	6469	0.16319	4.4278e-110	2.83769e-109	higher in first
Nkx2-1_MA1994.2	Nkx2-1	4816	-0.01276	1.71495e-16	2.12595e-16	higher in second
NKX2-2_MA1645.2	NKX2-2	5458	-0.0157	3.60496e-18	4.5633e-18	higher in second
NKX2-3_MA0672.2	NKX2-3	4248	-0.01632	9.84732e-17	1.2282e-16	higher in second
NKX2-4_MA2003.2	NKX2-4	3933	-0.03621	2.1081600000000002e-44	3.52745e-44	higher in second
NKX2-5_MA0063.3	NKX2-5	2682	0.02369	1.2968700000000002e-26	1.76202e-26	higher in first
NKX2-8_MA0673.2	NKX2-8	3965	-0.00099	0.0812759	0.0836567	not significant
Nkx3-1_MA0124.3	Nkx3-1	4450	-0.0411	4.7558399999999995e-49	8.592549999999999e-49	higher in second
Nkx3-2_MA0122.4	Nkx3-2	4209	-0.02756	1.43668e-32	2.07657e-32	higher in second
NKX6-1_MA0674.2	NKX6-1	2980	0.06028	6.41239e-57	1.30685e-56	higher in first
NKX6-2_MA0675.2	NKX6-2	5748	0.04747	3.43701e-63	7.76567e-63	higher in first
NKX6-3_MA1530.2	NKX6-3	3097	-0.03665	1.83293e-31	2.6086e-31	higher in second
Nobox_MA0125.2	Nobox	8224	0.00525	7.70488e-05	8.32584e-05	higher in first
NOTO_MA0710.2	NOTO	1974	0.02239	1.21988e-12	1.44878e-12	higher in first
Npas2_MA0626.2	Npas2	2308	0.01902	1.63684e-11	1.91717e-11	higher in first
Npas4_MA1995.2	Npas4	444	-0.03208	7.07942e-09	8.14213e-09	higher in second
NR1D1_MA1531.2	NR1D1	7125	-0.00452	0.0209668	0.0218682	higher in second
Nr1H2_MA1996.2	Nr1H2	15740	-0.06052	5.3449099999999996e-92	2.46446e-91	higher in second
Nr1h3Rxra_MA0494.2	Nr1h3::Rxra	6858	-0.02251	3.50414e-35	5.17496e-35	higher in second
Nr1H4_MA1110.3	Nr1H4	15740	-0.06052	5.3449099999999996e-92	2.46446e-91	higher in second
NR1H4RXRA_MA1146.2	NR1H4::RXRA	2650	0.02108	2.5000599999999997e-20	3.2247599999999996e-20	higher in first
NR1I2_MA1533.2	NR1I2	3397	0.0372	1.8382899999999998e-43	3.0409299999999997e-43	higher in first
NR1I3_MA1534.2	NR1I3	3395	-0.00438	0.0525502	0.0544193	not significant
NR2C1_MA1535.2	NR2C1	9900	-0.03001	1.38397e-54	2.7225100000000003e-54	higher in second
NR2C2_MA0504.2	NR2C2	11180	0.05517	2.47962e-80	8.39446e-80	higher in first
NR2C2_MA1536.2	NR2C2	15740	-0.06052	5.3449099999999996e-92	2.46446e-91	higher in second
Nr2e3_MA0164.2	Nr2e3	5766	-0.00868	1.33868e-11	1.57519e-11	higher in second
NR2F1_MA0017.3	NR2F1	8504	-0.05863	7.34681e-73	2.13288e-72	higher in second
NR2F1_MA1537.2	NR2F1	5739	-0.03007	3.67529e-37	5.53194e-37	higher in second
NR2F2_MA1111.2	NR2F2	4107	-0.09369	8.6631e-78	2.77601e-77	higher in second
Nr2f6_MA0677.2	Nr2f6	5419	-0.04342	5.2164e-58	1.10052e-57	higher in second
NR3C1_MA0113.4	NR3C1	2079	0.0173	1.24995e-11	1.47249e-11	higher in first
NR3C2_MA0727.2	NR3C2	2259	0.02237	6.85572e-20	8.82068e-20	higher in first
NR4A1_MA1112.3	NR4A1	6824	-0.07771	3.34333e-82	1.19539e-81	higher in second
NR4A2_MA0160.3	NR4A2	6141	-0.08922	2.37626e-84	9.00151e-84	higher in second
NR4A2RXRA_MA1147.2	NR4A2::RXRA	2935	0.04627	9.014480000000001e-40	1.42415e-39	higher in first
NR6A1_MA1541.2	NR6A1	6300	-0.03411	3.72256e-48	6.666590000000001e-48	higher in second
NRL_MA0842.3	NRL	4119	-0.09784	2.43528e-83	8.894430000000001e-83	higher in second
Olig2_MA1997.2	Olig2	12585	0.01935	1.1080199999999999e-39	1.73704e-39	higher in first
ONECUT1_MA0679.3	ONECUT1	2981	0.01663	2.08898e-12	2.47232e-12	higher in first
ONECUT3_MA0757.2	ONECUT3	4938	0.05533	2.6781999999999997e-64	6.60797e-64	higher in first
OSR1_MA1542.2	OSR1	3473	0.00047	0.302323	0.307146	not significant
OSR2_MA1646.2	OSR2	7097	-0.0684	2.80721e-74	8.41338e-74	higher in second
OTX1_MA0711.2	OTX1	13210	-0.04396	2.7031699999999997e-71	7.325869999999999e-71	higher in second
OTX2_MA0712.3	OTX2	10715	-0.04662	1.49176e-71	4.11953e-71	higher in second
OVOL1_MA1544.2	OVOL1	458	0.08836	3.395e-34	4.970560000000001e-34	higher in first
OVOL2_MA1545.2	OVOL2	648	0.06828	1.10452e-30	1.56538e-30	higher in first
PATZ1_MA1961.2	PATZ1	25974	0.23174	1.30497e-157	1.66221e-155	higher in first
PAX2_MA0067.3	PAX2	1732	0.30606	8.20012e-114	5.7627e-113	higher in first
PAX3_MA1546.2	PAX3	1403	-0.0116	5.52022e-07	6.18823e-07	higher in second
Pax7_MA0680.3	Pax7	3871	0.03583	3.08656e-41	5.0083e-41	higher in first
PBX1_MA0070.2	PBX1	3406	0.02809	6.85034e-26	9.24569e-26	higher in first
PBX2_MA1113.3	PBX2	4104	-0.02691	2.81466e-35	4.1627499999999997e-35	higher in second
PBX3_MA1114.2	PBX3	8556	-0.04616	2.83837e-60	6.18012e-60	higher in second
PDX1_MA0132.3	PDX1	5748	0.04747	3.43701e-63	7.76567e-63	higher in first
PHOX2B_MA0681.3	PHOX2B	6547	0.07231	5.3329200000000006e-76	1.65678e-75	higher in first
PITX3_MA0714.2	PITX3	13210	-0.04396	2.7031699999999997e-71	7.325869999999999e-71	higher in second
PKNOX1_MA0782.3	PKNOX1	7418	-0.04547	6.233259999999999e-64	1.52319e-63	higher in second
Plagl1_MA1615.2	Plagl1	10519	0.06447	1.85888e-84	7.09439e-84	higher in first
PLAGL2_MA1548.2	PLAGL2	6601	0.20683	2.0117400000000002e-121	1.72265e-120	higher in first
POU1F1_MA0784.3	POU1F1	5785	0.08925	4.03622e-85	1.56981e-84	higher in first
POU2F1_MA0785.2	POU2F1	4799	0.15799	7.01325e-104	4.01489e-103	higher in first
POU2F2_MA0507.3	POU2F2	5468	0.11646	1.35182e-96	6.85327e-96	higher in first
POU2F3_MA0627.3	POU2F3	6305	0.16875	1.2413100000000001e-114	9.1e-114	higher in first
POU3F1_MA0786.2	POU3F1	6047	0.13917	2.32618e-103	1.31687e-102	higher in first
POU4F1_MA0790.2	POU4F1	6472	0.02816	3.5852800000000002e-40	5.73532e-40	higher in first
POU4F2_MA0683.2	POU4F2	5625	0.02615	4.16468e-34	6.079960000000001e-34	higher in first
POU4F3_MA0791.2	POU4F3	6293	0.03202	1.0327e-41	1.67834e-41	higher in first
POU5F1_MA1115.2	POU5F1	8830	0.12077	2.80114e-105	1.64992e-104	higher in first
POU6F1_MA0628.2	POU6F1	5748	0.04747	3.43701e-63	7.76567e-63	higher in first
POU6F1_MA1549.2	POU6F1	2630	-0.05809	6.99814e-48	1.24888e-47	higher in second
POU6F2_MA0793.2	POU6F2	3249	-0.03566	1.24992e-40	2.00894e-40	higher in second
PPARARXRA_MA1148.2	PPARA::RXRA	6123	-0.03644	1.1052999999999999e-43	1.83138e-43	higher in second
PPARD_MA1550.2	PPARD	5804	-0.02736	1.02871e-37	1.56222e-37	higher in second
PPARG_MA0066.2	PPARG	4777	-0.03141	2.90528e-38	4.45185e-38	higher in second
PpargRxra_MA0065.3	Pparg::Rxra	13557	-0.03024	6.42989e-57	1.3078e-56	higher in second
PRDM1_MA0508.4	PRDM1	7844	-0.04534	2.58191e-66	6.464289999999999e-66	higher in second
Prdm14_MA1998.2	Prdm14	5457	0.03026	2.43379e-42	3.9680499999999996e-42	higher in first
Prdm15_MA1616.2	Prdm15	7456	-0.0326	2.15609e-53	4.1610900000000003e-53	higher in second
Prdm4_MA1647.3	Prdm4	5962	0.02464	1.52383e-31	2.17173e-31	higher in first
Prdm5_MA1999.2	Prdm5	9327	-0.04286	2.2671600000000003e-67	5.8339300000000005e-67	higher in second
PRDM9_MA1723.2	PRDM9	32689	0.03684	1.35936e-85	5.34821e-85	higher in first
PRRX1_MA0716.2	PRRX1	5748	0.04747	3.43701e-63	7.76567e-63	higher in first
PRRX2_MA0075.4	PRRX2	1974	0.02239	1.21988e-12	1.44878e-12	higher in first
Ptf1A_MA1619.2	Ptf1A	4996	0.00631	0.000108317	0.000116676	higher in first
Ptf1A_MA1620.2	Ptf1A	7807	0.22265	4.39653e-129	4.66674e-128	higher in first
RARARXRG_MA1149.2	RARA::RXRG	5699	0.02443	1.57872e-34	2.3147e-34	higher in first
RARB_MA1552.2	RARB	2854	-0.01235	2.81586e-08	3.21677e-08	higher in second
Rarg_MA0859.2	Rarg	8327	-0.02815	4.23184e-43	6.9777399999999995e-43	higher in second
RARG_MA1553.2	RARG	2636	-0.0459	2.10341e-38	3.23285e-38	higher in second
RAX_MA0718.2	RAX	8224	0.00525	7.70488e-05	8.32584e-05	higher in first
RAX2_MA0717.2	RAX2	8224	0.00525	7.70488e-05	8.32584e-05	higher in first
RBPJ_MA1116.2	RBPJ	21403	-0.09724	9.77003e-116	7.37457e-115	higher in second
RELB_MA1117.2	RELB	2780	0.00191	0.0470245	0.048846	higher in first
REST_MA0138.3	REST	8435	0.02094	3.91881e-32	5.6402e-32	higher in first
RFX2_MA0600.3	RFX2	2073	-0.03533	8.2331e-23	1.08392e-22	higher in second
RFX4_MA0799.3	RFX4	1776	0.02126	1.57184e-11	1.84528e-11	higher in first
RFX5_MA0510.3	RFX5	2296	-0.02277	1.0963e-16	1.36569e-16	higher in second
Rfx6_MA1724.2	Rfx6	4030	-0.03525	3.86455e-38	5.912879999999999e-38	higher in second
RFX7_MA1554.2	RFX7	1702	-0.00774	0.0168728	0.0176162	higher in second
Rhox11_MA0629.2	Rhox11	2724	0.0305	4.11655e-26	5.56335e-26	higher in first
RHOXF1_MA0719.2	RHOXF1	10037	-0.02138	3.53003e-36	5.2589199999999996e-36	higher in second
RORA_MA0072.2	RORA	3800	-0.01722	3.25694e-18	4.1278900000000005e-18	higher in second
RORB_MA1150.2	RORB	4038	-0.03438	3.1767899999999997e-37	4.7886799999999996e-37	higher in second
RORC_MA1151.2	RORC	3918	-0.03779	3.41156e-44	5.68966e-44	higher in second
RREB1_MA0073.2	RREB1	16657	0.10984	9.789480000000001e-113	6.60628e-112	higher in first
RUNX3_MA0684.3	RUNX3	6619	-0.01244	6.13077e-15	7.49072e-15	higher in second
SATB1_MA1963.2	SATB1	2428	-0.02221	2.97789e-17	3.72785e-17	higher in second
SCRT1_MA0743.3	SCRT1	5282	0.10947	9.05635e-89	3.84517e-88	higher in first
SCRT2_MA0744.3	SCRT2	5333	0.07702	3.56553e-73	1.05312e-72	higher in first
SHOX_MA0630.2	SHOX	8224	0.00525	7.70488e-05	8.32584e-05	higher in first
Shox2_MA0720.2	Shox2	8224	0.00525	7.70488e-05	8.32584e-05	higher in first
SIX1_MA1118.2	SIX1	4186	0.00022	0.143236	0.145958	not significant
SIX2_MA1119.2	SIX2	5686	-0.00778	1.36375e-08	1.56142e-08	higher in second
Six3_MA0631.2	Six3	2215	0.02719	3.41378e-33	4.94828e-33	higher in first
Six4_MA2001.2	Six4	6454	-0.01288	2.6933e-18	3.4220300000000003e-18	higher in second
SMAD2_MA1964.2	SMAD2	13128	-0.0088	4.20063e-14	5.07161e-14	higher in second
Smad4_MA1153.2	Smad4	1994	0.02617	5.71703e-20	7.364919999999999e-20	higher in first
SNAI1_MA1558.2	SNAI1	5967	0.24692	2.6003999999999996e-123	2.3244000000000002e-122	higher in first
SNAI2_MA0745.3	SNAI2	10258	0.23837	1.54457e-137	2.28104e-136	higher in first
SNAI3_MA1559.2	SNAI3	10463	0.24058	1.18102e-134	1.4499499999999999e-133	higher in first
SOHLH2_MA1560.2	SOHLH2	1386	0.01993	4.88902e-09	5.64203e-09	higher in first
SOX10_MA0442.3	SOX10	16923	-0.0078	2.48202e-15	3.06196e-15	higher in second
Sox11_MA0869.3	Sox11	7021	-0.00973	2.29537e-15	2.83513e-15	higher in second
SOX12_MA1561.2	SOX12	2234	-0.00879	0.000449918	0.000481582	higher in second
SOX13_MA1120.2	SOX13	2622	-0.08733	8.505359999999999e-64	2.0586600000000001e-63	higher in second
SOX14_MA1562.2	SOX14	2374	-0.03635	1.5844700000000002e-32	2.28693e-32	higher in second
SOX15_MA1152.2	SOX15	4580	-0.08006	3.86059e-79	1.28141e-78	higher in second
Sox17_MA0078.3	Sox17	5413	-0.06382	2.0843900000000002e-63	4.997630000000001e-63	higher in second
Sox3_MA0514.3	Sox3	2622	-0.08733	8.505359999999999e-64	2.0586600000000001e-63	higher in second
SOX4_MA0867.3	SOX4	5673	-0.01406	1.31246e-17	1.64908e-17	higher in second
Sox5_MA0087.3	Sox5	3571	-0.06089	6.0888100000000005e-61	1.33718e-60	higher in second
SOX8_MA0868.3	SOX8	3186	-0.07901	4.7643100000000005e-67	1.21675e-66	higher in second
SOX9_MA0077.2	SOX9	2749	-0.04548	5.21064e-43	8.57778e-43	higher in second
SP3_MA0746.3	SP3	13477	0.18497	1.75872e-136	2.42181e-135	higher in first
SP5_MA1965.2	SP5	42304	0.04147	1.24062e-92	5.90741e-92	higher in first
SP8_MA0747.2	SP8	14462	0.15285	4.21438e-130	4.56856e-129	higher in first
SP9_MA1564.2	SP9	12395	0.22889	8.12058e-143	1.5613000000000002e-141	higher in first
Spi1_MA0080.7	Spi1	23325	-0.18649	2.4031899999999997e-143	4.99765e-142	higher in second
SPIB_MA0081.3	SPIB	20048	-0.18718	2.27774e-146	5.78949e-145	higher in second
SPIC_MA0687.2	SPIC	11739	-0.20005	2.35775e-135	3.0031799999999997e-134	higher in second
SREBF1_MA0829.3	SREBF1	4283	0.03342	1.26794e-39	1.9846899999999997e-39	higher in first
SRY_MA0084.2	SRY	4611	-0.00437	0.00654314	0.00689499	higher in second
STAT1_MA0137.4	STAT1	6777	-0.07544	1.14487e-81	4.05078e-81	higher in second
STAT1STAT2_MA0517.2	STAT1::STAT2	16772	0.01174	3.50389e-25	4.6856399999999995e-25	higher in first
Stat2_MA1623.2	Stat2	20610	0.0003	0.836733	0.841689	not significant
STAT3_MA0144.3	STAT3	8645	-0.07649	2.28916e-87	9.36811e-87	higher in second
Stat4_MA0518.2	Stat4	7994	-0.06782	2.54151e-80	8.57551e-80	higher in second
Stat5a_MA1624.2	Stat5a	6808	-0.06035	5.94485e-71	1.60259e-70	higher in second
Stat5aStat5b_MA0519.2	Stat5a::Stat5b	7385	-0.07785	2.59109e-86	1.03542e-85	higher in second
Stat5b_MA1625.2	Stat5b	8631	-0.05853	6.65009e-73	1.93613e-72	higher in second
Stat6_MA0520.2	Stat6	6168	-0.07261	5.32292e-84	1.99414e-83	higher in second
TAL1TCF3_MA0091.2	TAL1::TCF3	4576	0.03263	2.02972e-37	3.06412e-37	higher in first
TBP_MA0108.3	TBP	5696	0.05433	6.62858e-63	1.48126e-62	higher in first
TBR1_MA0802.2	TBR1	5756	0.11494	4.02558e-103	2.26633e-102	higher in first
TBX18_MA1565.2	TBX18	10047	0.08544	2.1602899999999997e-90	9.52957e-90	higher in first
TBX19_MA0804.2	TBX19	2194	0.01344	4.29757e-07	4.82825e-07	higher in first
TBX2_MA0688.2	TBX2	5928	0.12912	3.52675e-104	2.0419099999999998e-103	higher in first
Tbx6_MA1567.3	Tbx6	7556	0.07348	2.3354500000000002e-83	8.56051e-83	higher in first
Tcf12_MA0521.3	Tcf12	12585	0.01935	1.1080199999999999e-39	1.73704e-39	higher in first
TCF12_MA1648.2	TCF12	8508	0.23438	4.7776999999999996e-132	5.595939999999999e-131	higher in first
Tcf21_MA0832.2	Tcf21	3649	0.03441	8.709709999999999e-38	1.32466e-37	higher in first
TCF21_MA1568.2	TCF21	2101	-0.05663	5.15791e-50	9.52157e-50	higher in second
TCF4_MA0830.3	TCF4	9620	0.2527	3.37824e-143	6.74986e-142	higher in first
TCF7_MA0769.3	TCF7	2881	0.01118	1.45058e-11	1.70489e-11	higher in first
TCF7L2_MA0523.2	TCF7L2	5948	0.02938	2.15734e-39	3.3613499999999997e-39	higher in first
TCFL5_MA0632.3	TCFL5	2272	0.29496	2.08698e-117	1.63587e-116	higher in first
TEAD1_MA0090.4	TEAD1	5602	-0.06594	1.77778e-66	4.4840499999999997e-66	higher in second
TEAD2_MA1121.2	TEAD2	2909	-0.0807	1.7634499999999998e-66	4.45894e-66	higher in second
TEAD4_MA0809.3	TEAD4	6837	-0.08307	1.2058399999999999e-80	4.13721e-80	higher in second
TFAP2A_MA0810.2	TFAP2A	10383	0.1723	7.371960000000001e-120	6.20829e-119	higher in first
TFAP2A_MA0003.5	TFAP2A	10509	0.04417	6.47176e-67	1.64048e-66	higher in first
TFAP2B_MA0811.2	TFAP2B	8468	0.1433	5.25327e-113	3.59267e-112	higher in first
TFAP2B_MA0812.2	TFAP2B	7496	0.14615	6.94861e-109	4.39791e-108	higher in first
TFAP2C_MA0524.3	TFAP2C	8568	0.13302	3.61242e-107	2.20423e-106	higher in first
TFAP2C_MA0814.3	TFAP2C	14446	0.02802	5.9254e-54	1.14791e-53	higher in first
TFAP2E_MA1569.2	TFAP2E	6933	0.17286	2.57012e-114	1.8574100000000002e-113	higher in first
TFAP4ETV1_MA1966.2	TFAP4::ETV1	7688	0.06591	2.56696e-84	9.68788e-84	higher in first
TFAP4FLI1_MA1967.2	TFAP4::FLI1	7266	0.02715	8.92216e-41	1.4362800000000001e-40	higher in first
TFCP2_MA1968.2	TFCP2	1514	-0.00105	0.126245	0.129161	not significant
TFDP1_MA1122.2	TFDP1	4068	0.25613	3.03394e-122	2.66516e-121	higher in first
TFEB_MA0692.2	TFEB	2742	-0.10218	1.01031e-72	2.9164600000000003e-72	higher in second
TFEC_MA0871.3	TFEC	2581	-0.08861	3.90144e-68	1.01418e-67	higher in second
THAP1_MA0597.3	THAP1	9867	-0.00556	8.99565e-05	9.70008e-05	higher in second
THRA_MA1969.2	THRA	10370	0.00321	0.00572307	0.00603707	higher in first
THRB_MA1574.2	THRB	5611	-0.00527	0.000410841	0.000440217	higher in second
THRB_MA1575.2	THRB	3272	0.02658	1.14918e-27	1.58245e-27	higher in first
THRB_MA1576.2	THRB	6449	-0.02033	2.7705199999999997e-27	3.78948e-27	higher in second
TLX2_MA1577.2	TLX2	8224	0.00525	7.70488e-05	8.32584e-05	higher in first
TP73_MA0861.2	TP73	2625	-0.03996	9.533229999999999e-39	1.46965e-38	higher in second
TRPS1_MA1970.2	TRPS1	3540	0.01651	1.0309600000000001e-19	1.32145e-19	higher in first
TWIST1_MA1123.3	TWIST1	7615	0.00192	0.0357102	0.0371693	higher in first
Twist2_MA0633.3	Twist2	12585	0.01935	1.1080199999999999e-39	1.73704e-39	higher in first
UNCX_MA0721.2	UNCX	5748	0.04747	3.43701e-63	7.76567e-63	higher in first
USF1_MA0093.4	USF1	4598	-0.12839	2.38579e-97	1.22167e-96	higher in second
USF2_MA0526.5	USF2	1246	-0.08138	2.1264599999999997e-49	3.87632e-49	higher in second
VAX1_MA0722.2	VAX1	1974	0.02239	1.21988e-12	1.44878e-12	higher in first
VAX2_MA0723.3	VAX2	5748	0.04747	3.43701e-63	7.76567e-63	higher in first
Vdr_MA0693.4	Vdr	4246	-0.05566	1.33957e-60	2.92924e-60	higher in second
VEZF1_MA1578.2	VEZF1	8767	0.24421	4.658429999999999e-137	6.5929699999999996e-136	higher in first
VSX1_MA0725.2	VSX1	1974	0.02239	1.21988e-12	1.44878e-12	higher in first
VSX2_MA0726.2	VSX2	1974	0.02239	1.21988e-12	1.44878e-12	higher in first
Wt1_MA1627.2	Wt1	16434	0.13016	3.7546e-127	3.7880500000000006e-126	higher in first
XBP1_MA0844.2	XBP1	1418	0.02169	1.02031e-08	1.17215e-08	higher in first
Yy1_MA0095.4	Yy1	8621	-0.021	2.87729e-36	4.29277e-36	higher in second
YY2_MA0748.3	YY2	787	0.1643	4.81535e-72	1.35548e-71	higher in first
ZBED1_MA0749.2	ZBED1	338	-0.05299	6.3610200000000005e-18	8.012210000000001e-18	higher in second
ZBED2_MA1971.2	ZBED2	909	0.11318	5.0539900000000005e-55	1.0058600000000001e-54	higher in first
ZBTB12_MA1649.2	ZBTB12	3669	-0.00972	1.15473e-10	1.3463e-10	higher in second
ZBTB14_MA1650.2	ZBTB14	3619	0.27671	5.04326e-122	4.3923800000000005e-121	higher in first
ZBTB18_MA0698.2	ZBTB18	8625	0.02258	2.94893e-33	4.28057e-33	higher in first
ZBTB26_MA1579.2	ZBTB26	8246	-0.06682	1.96728e-78	6.40466e-78	higher in second
ZBTB33_MA0527.2	ZBTB33	869	0.27236	1.0020699999999999e-86	4.05203e-86	higher in first
ZBTB6_MA1581.2	ZBTB6	9268	-0.00558	5.89912e-06	6.57681e-06	higher in second
ZBTB7B_MA0694.2	ZBTB7B	4580	0.20173	7.18898e-114	5.0872e-113	higher in first
ZEB1_MA0103.4	ZEB1	22054	0.22836	4.06118e-154	2.95596e-152	higher in first
Zfp335_MA2002.2	Zfp335	4319	-0.02339	3.6382500000000004e-34	5.31904e-34	higher in second
ZFP42_MA1651.2	ZFP42	5287	-0.04372	1.0901e-56	2.20837e-56	higher in second
ZFP57_MA1583.2	ZFP57	1483	0.22801	7.55941e-90	3.32028e-89	higher in first
Zfx_MA0146.3	Zfx	13023	0.0597	5.03007e-79	1.6534299999999998e-78	higher in first
Zic1Zic2_MA1628.2	Zic1::Zic2	9742	0.06591	5.19579e-81	1.807e-80	higher in first
Zic2_MA1629.2	Zic2	12011	0.03885	4.9287e-64	1.2102e-63	higher in first
Zic3_MA0697.3	Zic3	9742	0.06591	5.19579e-81	1.807e-80	higher in first
ZIC4_MA0751.2	ZIC4	7301	0.2172	1.40118e-125	1.34699e-124	higher in first
ZIC5_MA1584.2	ZIC5	7277	0.2223	6.93445e-127	6.860400000000001e-126	higher in first
ZIM3_MA1709.2	ZIM3	10852	0.00905	1.07718e-14	1.31141e-14	higher in first
ZKSCAN1_MA1585.2	ZKSCAN1	3268	0.02473	6.998380000000001e-23	9.22555e-23	higher in first
ZKSCAN3_MA1973.2	ZKSCAN3	6963	0.02176	1.13213e-31	1.6202799999999999e-31	higher in first
ZKSCAN5_MA1652.2	ZKSCAN5	15176	-0.01872	1.7667000000000002e-44	2.96584e-44	higher in second
ZNF148_MA1653.2	ZNF148	23466	0.19228	2.85588e-143	5.82028e-142	higher in first
ZNF16_MA1654.2	ZNF16	9994	-0.00753	8.99574e-08	1.01965e-07	higher in second
ZNF189_MA1725.2	ZNF189	8604	-0.07974	8.52281e-89	3.64905e-88	higher in second
ZNF211_MA1974.2	ZNF211	2681	-0.00398	0.394562	0.399263	not significant
ZNF214_MA1975.2	ZNF214	4639	-0.05153	1.80725e-55	3.6109500000000005e-55	higher in second
ZNF257_MA1710.2	ZNF257	21619	0.00645	9.0224e-15	1.09974e-14	higher in first
ZNF263_MA0528.3	ZNF263	10046	-0.01525	9.80045e-31	1.3909000000000001e-30	higher in second
ZNF274_MA1592.2	ZNF274	4707	-0.02295	1.80136e-27	2.4738399999999998e-27	higher in second
ZNF281_MA1630.3	ZNF281	25877	0.15362	3.1793299999999998e-136	4.3196499999999996e-135	higher in first
ZNF282_MA1154.2	ZNF282	5994	-0.02842	7.94999e-35	1.17067e-34	higher in second
ZNF317_MA1593.2	ZNF317	8064	-0.01722	5.2904099999999995e-25	7.06544e-25	higher in second
ZNF324_MA1977.2	ZNF324	7769	-0.03307	1.65654e-50	3.07471e-50	higher in second
ZNF331_MA1726.2	ZNF331	9895	0.0507	5.41522e-73	1.58566e-72	higher in first
ZNF341_MA1655.2	ZNF341	5142	-0.0335	8.75425e-41	1.4114800000000001e-40	higher in second
ZNF343_MA1711.2	ZNF343	5695	0.02287	2.7067500000000003e-28	3.7475200000000004e-28	higher in first
ZNF354A_MA1978.2	ZNF354A	13064	0.03408	2.08059e-61	4.57909e-61	higher in first
ZNF384_MA1125.2	ZNF384	22301	0.06059	7.927179999999999e-98	4.10041e-97	higher in first
ZNF410_MA0752.2	ZNF410	3265	-0.03629	5.55271e-36	8.26017e-36	higher in second
ZNF416_MA1979.2	ZNF416	12640	-0.0112	2.49658e-26	3.37851e-26	higher in second
ZNF417_MA1727.2	ZNF417	4733	0.1093	5.573829999999999e-86	2.21001e-85	higher in first
ZNF449_MA1656.2	ZNF449	8915	0.02269	3.20428e-44	5.35272e-44	higher in first
ZNF454_MA1712.2	ZNF454	14780	0.20437	2.64057e-140	4.33991e-139	higher in first
ZNF530_MA1981.2	ZNF530	19832	0.04834	7.34009e-84	2.73976e-83	higher in first
ZNF549_MA1728.2	ZNF549	11332	0.07914	2.34663e-88	9.88107e-88	higher in first
ZNF574_MA1982.2	ZNF574	6962	0.06071	4.72916e-72	1.33491e-71	higher in first
ZNF582_MA1983.2	ZNF582	6013	-0.00189	0.0704386	0.0726488	not significant
ZNF610_MA1713.2	ZNF610	7538	0.31382	6.9381e-141	1.17832e-139	higher in first
ZNF652_MA1657.2	ZNF652	4879	0.00105	0.128081	0.130908	not significant
ZNF667_MA1984.2	ZNF667	5136	-0.00634	0.00073094	0.000780742	higher in second
ZNF675_MA1714.2	ZNF675	8012	-0.02846	5.48865e-43	9.02086e-43	higher in second
ZNF680_MA1729.2	ZNF680	8639	-0.071	1.79758e-80	6.12621e-80	higher in second
ZNF682_MA1599.2	ZNF682	9361	0.11991	5.99541e-108	3.77119e-107	higher in first
ZNF684_MA1600.2	ZNF684	8114	0.0012	0.109209	0.111955	not significant
ZNF692_MA1986.2	ZNF692	9234	0.09139	3.3264400000000003e-96	1.66977e-95	higher in first
ZNF701_MA1987.2	ZNF701	19206	0.02178	3.25106e-49	5.88425e-49	higher in first
ZNF708_MA1730.2	ZNF708	7497	0.04098	7.93301e-56	1.5881600000000001e-55	higher in first
ZNF740_MA0753.3	ZNF740	13453	0.18566	4.1453e-136	5.557979999999999e-135	higher in first
ZNF76_MA1716.2	ZNF76	6964	0.01386	2.31684e-13	2.78404e-13	higher in first
ZNF768_MA1731.2	ZNF768	14389	-0.02859	1.91567e-58	4.0667999999999995e-58	higher in second
ZNF784_MA1717.2	ZNF784	2448	0.11616	3.01912e-69	8.03259e-69	higher in first
ZNF816_MA1719.2	ZNF816	9934	0.06637	4.84903e-81	1.69799e-80	higher in first
ZNF85_MA1720.2	ZNF85	5985	-0.14944	8.74136e-112	5.78406e-111	higher in second
ZNF93_MA1721.2	ZNF93	10179	0.24502	4.7871000000000003e-141	8.558e-140	higher in first
ZSCAN29_MA1602.2	ZSCAN29	1742	0.05907	1.84231e-42	3.01334e-42	higher in first
ZSCAN31_MA1722.2	ZSCAN31	3924	-0.01227	4.3125e-08	4.91548e-08	higher in second
PAX8_MA2094.1	PAX8	1753	0.29464	4.10515e-110	2.64756e-109	higher in first
ZNF260_MA2457.1	ZNF260	3753	-0.07531	1.2326e-71	3.43176e-71	higher in second
ZNF146_MA2458.1	ZNF146	3408	-0.03896	3.83654e-40	6.127640000000001e-40	higher in second
ZNF250_MA2462.1	ZNF250	10891	0.03987	1.82648e-68	4.79685e-68	higher in first
FOXM1_MA2469.1	FOXM1	3065	0.04807	1.7609e-46	3.031e-46	higher in first
ZBTB48_MA2470.1	ZBTB48	2844	-0.05446	1.9728399999999998e-45	3.3617499999999997e-45	higher in second
MAFGNRF1_MA0089.3	MAFG::NRF1	5912	-0.32347	6.227120000000001e-141	1.0940399999999999e-139	higher in second
ZBTB21_MA2487.1	ZBTB21	16703	0.00674	2.67162e-14	3.23707e-14	higher in first
ZBTB40_MA2488.1	ZBTB40	6763	0.04	2.65937e-57	5.48563e-57	higher in first
ZFP28_MA2489.1	ZFP28	27331	-0.01113	6.02866e-30	8.45007e-30	higher in second
ZFP3_MA2490.1	ZFP3	5689	-0.00964	2.11801e-08	2.42228e-08	higher in second
ZNF134_MA2491.1	ZNF134	4967	0.03809	2.9773599999999998e-49	5.40808e-49	higher in first
ZNF18_MA2492.1	ZNF18	7228	0.0605	4.5370900000000004e-77	1.42255e-76	higher in first
ZNF322_MA2493.1	ZNF322	7035	0.0215	6.30473e-34	9.19101e-34	higher in first
ZNF436_MA2494.1	ZNF436	13942	0.03574	3.61149e-63	8.14183e-63	higher in first
ZNF490_MA2495.1	ZNF490	5047	-0.02033	1.09596e-31	1.57072e-31	higher in second
ZNF596_MA2496.1	ZNF596	7098	0.09281	4.20654e-91	1.89667e-90	higher in first
ZNF623_MA2497.1	ZNF623	8910	0.01062	4.6692600000000005e-18	5.88858e-18	higher in first
BCL11A_MA2504.1	BCL11A	4018	-0.05178	2.4945399999999997e-52	4.71602e-52	higher in second
MYT1_MA2506.1	MYT1	5166	0.024	1.2122200000000001e-28	1.6806200000000002e-28	higher in first
NACC2_MA2507.1	NACC2	5271	0.02637	5.851939999999999e-35	8.62971e-35	higher in first
CASZ1_MA2508.1	CASZ1	7868	-0.00535	8.52963e-08	9.67894e-08	higher in second
ZBTB5_MA2509.1	ZBTB5	5191	-0.0034	0.000382642	0.000410866	higher in second
ZBTB41_MA2510.1	ZBTB41	18538	0.20911	1.65652e-145	3.92557e-144	higher in first
ZNF335_MA2511.1	ZNF335	5754	0.11682	8.66036e-93	4.1626899999999994e-92	higher in first
ZNF648_MA2512.1	ZNF648	16491	0.04912	4.36049e-79	1.44264e-78	higher in first
FLYWCH1_MA2513.1	FLYWCH1	6787	-0.01698	4.45388e-22	5.84107e-22	higher in second
ZNF853_MA2514.1	ZNF853	1154	0.06268	6.940800000000001e-40	1.09824e-39	higher in first
ZNF865_MA2515.1	ZNF865	5342	0.1507	2.0388499999999998e-110	1.32331e-109	higher in first
ZSCAN2_MA2516.1	ZSCAN2	9009	-0.05129	2.12974e-75	6.5565e-75	higher in second
ZSCAN25_MA2517.1	ZSCAN25	16452	0.05086	5.1026299999999995e-86	2.0310900000000002e-85	higher in first
ZNF551_MA2518.1	ZNF551	6039	0.00517	7.76901e-06	8.62377e-06	higher in first
ZNF606_MA2519.1	ZNF606	11741	-0.00344	0.0512923	0.0531708	not significant
ZNF678_MA2520.1	ZNF678	4326	0.05035	1.2575e-54	2.4833300000000002e-54	higher in first
FIZ1_MA2521.1	FIZ1	7975	0.00144	0.241048	0.245137	not significant
ZNF683_MA2522.1	ZNF683	17773	-0.04465	2.43777e-78	7.91112e-78	higher in second
ZNF689_MA2523.1	ZNF689	3792	-0.08563	1.79221e-80	6.12621e-80	higher in second
ZNF696_MA2524.1	ZNF696	7168	-0.0462	7.81104e-59	1.67921e-58	higher in second
ZNF699_MA2525.1	ZNF699	6638	0.00156	0.0100253	0.0105209	higher in first
ZNF721_MA2526.1	ZNF721	9924	0.00959	6.37665e-15	7.7818e-15	higher in first
ZNF726_MA2527.1	ZNF726	6306	-0.06286	5.22965e-73	1.53574e-72	higher in second
ZNF732_MA2528.1	ZNF732	10730	-0.02758	6.4261e-47	1.13291e-46	higher in second
ZNF772_MA2529.1	ZNF772	3482	-0.00193	0.00349631	0.00371505	higher in second
ZNF773_MA2530.1	ZNF773	6971	-0.04095	3.37932e-57	6.95662e-57	higher in second
ZNF775_MA2531.1	ZNF775	21755	-0.09706	2.2592e-114	1.6443700000000002e-113	higher in second
ZNF780B_MA2532.1	ZNF780B	6345	-0.0089	1.98923e-09	2.29821e-09	higher in second
ZNF814_MA2533.1	ZNF814	10574	0.00208	0.753192	0.759904	not significant
ZNF831_MA2534.1	ZNF831	4497	0.05938	5.4354000000000004e-62	1.20406e-61	higher in first
MYPOP_MA2535.1	MYPOP	4647	-0.12281	4.26418e-89	1.84119e-88	higher in second
PRDM13_MA2536.1	PRDM13	12428	0.16268	3.75284e-128	3.94241e-127	higher in first
SALL3_MA2537.1	SALL3	4748	0.03666	5.62463e-51	1.04781e-50	higher in first
CGGBP1_MA2538.1	CGGBP1	8478	0.39459	2.44986e-158	3.56629e-156	higher in first
SLC2A4RG_MA2539.1	SLC2A4RG	4808	0.39586	2.93342e-144	6.498159999999999e-143	higher in first
SP140L_MA2540.1	SP140L	2781	0.07049	8.881019999999999e-58	1.86209e-57	higher in first
CREB3L3_MA2541.1	CREB3L3	2372	0.05336	1.03371e-45	1.76441e-45	higher in first
SCAND3_MA2542.1	SCAND3	8918	-0.03274	2.98816e-51	5.58705e-51	higher in second
ZBTB47_MA2543.1	ZBTB47	4512	0.00937	2.04211e-07	2.30699e-07	higher in first
ZKSCAN4_MA2544.1	ZKSCAN4	3896	-0.05858	5.1425e-54	1.0000400000000001e-53	higher in second
ZNF57_MA2545.1	ZNF57	7179	0.00305	0.136287	0.139016	not significant
ZNF131_MA2546.1	ZNF131	10633	0.4541	1.60379e-172	1.6342599999999998e-169	higher in first
ZNF215_MA2547.1	ZNF215	9818	0.1312	5.89026e-112	3.92299e-111	higher in first
ZNF226_MA2548.1	ZNF226	7950	-0.05113	9.88087e-73	2.8604e-72	higher in second
ZNF234_MA2549.1	ZNF234	8486	-0.03314	2.62218e-47	4.66317e-47	higher in second
ZNF275_MA2550.1	ZNF275	11306	0.07179	4.7071e-91	2.10374e-90	higher in first
ZNF286B_MA2551.1	ZNF286B	5090	-0.07076	1.81764e-74	5.47982e-74	higher in second
ZNF367_MA2552.1	ZNF367	6170	0.04283	8.64277e-52	1.6219099999999998e-51	higher in first
ZNF407_MA2553.1	ZNF407	5609	0.1711	5.061680000000001e-106	3.0162899999999998e-105	higher in first
ZNF471_MA2554.1	ZNF471	19455	-0.02808	1.35443e-54	2.66957e-54	higher in second
ZNF493_MA2555.1	ZNF493	6588	-0.07431	6.59821e-81	2.27918e-80	higher in second
ZNF510_MA2556.1	ZNF510	7775	-0.14042	8.75667e-111	5.7199e-110	higher in second
ZGLP1_MA2557.1	ZGLP1	50853	0.00299	2.26954e-11	2.65518e-11	higher in first
MSANTD4_MA2558.1	MSANTD4	2741	0.00207	0.0162535	0.0170045	higher in first
NACC2_MA2559.1	NACC2	41399	-0.05536	2.22707e-103	1.26781e-102	higher in second
POGK_MA2560.1	POGK	722	0.01117	0.00731091	0.00769609	higher in first
TIGD4_MA2561.1	TIGD4	1201	0.06535	5.24704e-39	8.113409999999999e-39	higher in first
TIGD5_MA2562.1	TIGD5	811	0.06518	5.7865200000000004e-33	8.37565e-33	higher in first
TIGD7_MA2563.1	TIGD7	1169	0.04311	6.36032e-21	8.23529e-21	higher in first
ZNF43_MA2564.1	ZNF43	3622	-0.06189	6.58354e-59	1.4183099999999998e-58	higher in second
ZNF70_MA2565.1	ZNF70	31012	-0.02276	4.66958e-59	1.0102599999999999e-58	higher in second
ZNF395_MA2566.1	ZNF395	3557	0.29133	2.7032099999999997e-125	2.55053e-124	higher in first
ZNF497_MA2567.1	ZNF497	4369	-0.06024	3.6440100000000003e-63	8.19701e-63	higher in second
ZNF568_MA2568.1	ZNF568	6365	-0.04796	1.22188e-58	2.61575e-58	higher in second
ZNF676_MA2569.1	ZNF676	3065	0.11069	1.56695e-84	6.0027e-84	higher in first
ZNF746_MA2570.1	ZNF746	16656	0.0893	1.35152e-107	8.34664e-107	higher in first
ZNF800_MA2571.1	ZNF800	1329	0.09325	4.26286e-57	8.74015e-57	higher in first
ZNF827_MA2572.1	ZNF827	33550	-0.016	2.6888599999999996e-49	4.89276e-49	higher in second
ZNF836_MA2573.1	ZNF836	4600	0.02928	1.3126899999999998e-31	1.87606e-31	higher in first
ZNF878_MA2574.1	ZNF878	6357	-0.0044	0.000388168	0.000416361	higher in second
ZNF536_MA2575.1	ZNF536	37239	0.00614	2.31422e-17	2.9006e-17	higher in first
ZXDB_MA2576.1	ZXDB	9887	0.06958	5.97253e-88	2.46397e-87	higher in first
ZXDC_MA2577.1	ZXDC	9951	0.08591	9.17569e-98	4.72223e-97	higher in first
ZBTB8A_MA2578.1	ZBTB8A	16299	0.11975	7.03811e-113	4.78123e-112	higher in first
ZBTB8B_MA2579.1	ZBTB8B	1982	0.05423	6.73442e-43	1.1050499999999999e-42	higher in first
ZNF20_MA2580.1	ZNF20	6136	-0.03057	4.00199e-41	6.47306e-41	higher in second
ZNF66_MA2581.1	ZNF66	11195	0.12162	1.04087e-114	7.68586e-114	higher in first
ZNF121_MA2582.1	ZNF121	9553	-0.0323	3.2955200000000004e-53	6.33611e-53	higher in second
ZNF142_MA2583.1	ZNF142	7953	0.39012	6.22855e-156	6.34689e-154	higher in first
DNTTIP1_MA2584.1	DNTTIP1	5264	0.05689	3.03735e-63	7.24838e-63	higher in first
ZNF500_MA2585.1	ZNF500	4129	0.06669	3.6976e-67	9.49083e-67	higher in first
ZNF518B_MA2586.1	ZNF518B	1997	0.04537	7.77055e-38	1.18714e-37	higher in first
ZNF672_MA2587.1	ZNF672	19166	0.04833	5.3048799999999996e-89	2.28087e-88	higher in first
FAM200B_MA2588.1	FAM200B	3703	0.42578	6.87018e-141	1.17832e-139	higher in first
ZNF728_MA2589.1	ZNF728	11267	0.01834	7.81158e-38	1.1916199999999998e-37	higher in first
ZNF841_MA2590.1	ZNF841	6692	-0.0008	0.0762139	0.0785257	not significant
ZNF850_MA2591.1	ZNF850	11214	0.04165	4.76137e-62	1.05704e-61	higher in first
MKX_MA2592.1	MKX	14098	-0.05297	1.17583e-82	4.2338300000000004e-82	higher in second
ZNF362_MA2593.1	ZNF362	20345	0.06015	1.04734e-92	5.0105e-92	higher in first
DMTF1_MA2594.1	DMTF1	5099	0.03626	5.43516e-48	9.71654e-48	higher in first
ZNF700_MA2595.1	ZNF700	4916	-0.07727	2.63766e-72	7.52878e-72	higher in second
ZXDA_MA2596.1	ZXDA	12117	0.06649	1.1616e-86	4.67856e-86	higher in first
LEUTX_MA2597.1	LEUTX	8607	-0.04429	1.9354199999999998e-66	4.869609999999999e-66	higher in second
MSANTD1_MA2598.1	MSANTD1	1878	0.00182	0.110218	0.112876	not significant
TIGD3_MA2599.1	TIGD3	3105	0.01579	6.628340000000001e-18	8.33862e-18	higher in first
TPRX1_MA2600.1	TPRX1	6817	0.00177	0.306643	0.311225	not significant
USF3_MA2601.1	USF3	1594	0.03841	3.6628e-27	4.9898299999999995e-27	higher in first
ZBED5_MA2602.1	ZBED5	5069	0.17123	1.9594e-107	1.2027900000000001e-106	higher in first
ZFTA_MA2603.1	ZFTA	8709	0.08856	4.5024599999999995e-91	2.02115e-90	higher in first
HELT_MA2628.1	HELT	1795	-0.00726	0.0148775	0.0155809	higher in second
GSCTBX21_MA2629.1	GSC::TBX21	5165	0.03472	8.94116e-46	1.5286999999999997e-45	higher in first
HIF3A_MA2674.1	HIF3A	3182	0.05196	1.11605e-52	2.1257099999999998e-52	higher in first
HOMEZ_MA2675.1	HOMEZ	775	0.06589	1.14393e-37	1.7346099999999998e-37	higher in first
HSF5_MA2676.1	HSF5	1488	-0.00682	0.00107693	0.0011491	higher in second
HOXD1_MA2677.1	HOXD1	1870	-0.00364	0.9477	0.948631	not significant
IRX1_MA2678.1	IRX1	8499	-0.02426	2.1749499999999998e-45	3.6999599999999996e-45	higher in second
IRX2_MA2679.1	IRX2	14098	-0.05297	1.17583e-82	4.2338300000000004e-82	higher in second
IRX5_MA2680.1	IRX5	14098	-0.05297	1.17583e-82	4.2338300000000004e-82	higher in second
KLF8_MA2681.1	KLF8	22826	0.16583	7.64397e-143	1.4979200000000002e-141	higher in first
MYT1L_MA2682.1	MYT1L	16019	-0.00184	0.0103663	0.0108676	higher in second
NPAS3_MA2683.1	NPAS3	3182	0.05196	1.11605e-52	2.1257099999999998e-52	higher in first
SOX30_MA2684.1	SOX30	3476	-0.05748	3.7096400000000003e-63	8.32627e-63	higher in second
TLX3_MA2685.1	TLX3	2429	0.02977	2.79597e-21	3.65269e-21	higher in first
ZEB2_MA2686.1	ZEB2	22054	0.22836	4.06118e-154	2.95596e-152	higher in first
ZNF251_MA2687.1	ZNF251	7359	-0.00114	0.38281	0.387756	not significant
ZNF347_MA2688.1	ZNF347	21711	-0.04913	1.4578e-91	6.691439999999999e-91	higher in second
ZNF470_MA2689.1	ZNF470	15352	-0.04588	5.60562e-81	1.9429e-80	higher in second
ZNF724_MA2690.1	ZNF724	6512	-0.06243	1.0349900000000001e-69	2.76089e-69	higher in second
ZNF841_MA2691.1	ZNF841	9766	-0.00469	1.36887e-07	1.54987e-07	higher in second
ZNF43_MA2692.1	ZNF43	2911	-0.00509	6.56011e-06	7.30574e-06	higher in second
ZBTB7A_MA0750.4	ZBTB7A	7066	0.17719	2.0949500000000002e-119	1.72157e-118	higher in first
ZBTB7C_MA0695.3	ZBTB7C	5844	0.12222	9.67687e-102	5.41798e-101	higher in first
ZBTB24_MA2330.2	ZBTB24	8513	0.02277	8.61425e-37	1.29468e-36	higher in first
ZNF140_MA1589.3	ZNF140	3286	-0.10412	5.23663e-79	1.7103e-78	higher in second
ZNF143_MA0088.3	ZNF143	7792	0.00682	5.41275e-08	6.15579e-08	higher in first
ZNF320_MA1976.3	ZNF320	9035	0.08999	1.04483e-98	5.51646e-98	higher in first
ZNF423_MA0116.2	ZNF423	14997	0.14816	8.965049999999999e-135	1.1140699999999999e-133	higher in first
Dmrtb1_MA2484.1	Dmrtb1	3636	-0.00807	6.63431e-06	7.38031e-06	higher in second
Duxbl1_MA2485.1	Duxbl1	3482	0.01451	3.53186e-15	4.34658e-15	higher in first
Fosb_MA2486.1	Fosb	4957	-0.44329	1.1729099999999999e-147	3.41484e-146	higher in second
Nr5a1_MA1540.3	Nr5a1	8096	-0.03823	8.230040000000001e-54	1.5913500000000002e-53	higher in second
Nr5a2_MA0505.3	Nr5a2	6081	-0.04528	6.9201e-55	1.3719e-54	higher in second
Nrf1_MA0506.3	Nrf1	4323	0.27678	1.75303e-127	1.78634e-126	higher in first
Ptf1A_MA1618.2	Ptf1A	6769	0.01213	4.20853e-14	5.07514e-14	higher in first
Runx1_MA0002.3	Runx1	9387	0.0056	1.43728e-07	1.62551e-07	higher in first
Banp_MA2503.1	Banp	424	0.14876	4.2791699999999996e-51	7.98622e-51	higher in first
